npi,ind_pac_id,provider_last_name,provider_first_name,provider_middle_name,suff,facility_type,facility_affiliations_certification_number,facility_type_certification_number,npi_valid
1003000142,9931380672,KHALIL,RASHID,,,Hospital,360112,,False
1003000423,9133397268,VELOTTA,JENNIFER,A,,Hospital,360098,,False
1003000480,0446348254,ROTHCHILD,KEVIN,B,,Hospital,060024,,False
1003000530,2163575663,SEMONCHE,AMANDA,M,,Home health agency,397791,,False
1003000530,2163575663,SEMONCHE,AMANDA,M,,Hospital,390035,,False
1003000530,2163575663,SEMONCHE,AMANDA,M,,Hospital,390049,,False
1003000530,2163575663,SEMONCHE,AMANDA,M,,Hospital,390057,,False
1003000597,4082848189,KIM,DAE,,,Hospital,370001,,False
1003000597,4082848189,KIM,DAE,,,Hospital,370202,,False
1003000597,4082848189,KIM,DAE,,,Hospital,370057,,False
1003000597,4082848189,KIM,DAE,,,Hospital,370183,,False
1003000597,4082848189,KIM,DAE,,,Hospital,370228,,False
1003000704,2365611035,GATTON,ZACHARY,M,,Hospital,360040,,False
1003000902,1153415187,LOHANO,JAIVANTI,,,Hospice,151605,,False
1003000902,1153415187,LOHANO,JAIVANTI,,,Hospital,150044,,False
1003000902,1153415187,LOHANO,JAIVANTI,,,Hospital,151331,,False
1003000936,9739278128,STELLINGWORTH,MARK,,,Hospital,420010,,False
1003001041,1355435108,MILLER,KATHLEEN,,,Hospital,390036,,False
1003001256,2365538022,CARAGOL,JENNIFER,A,,Hospital,060024,,False
1003001363,0446319719,STEVENS,CHARLES,R,,Home health agency,757363,,False
1003001363,0446319719,STEVENS,CHARLES,R,,Hospital,030101,,False
1003001363,0446319719,STEVENS,CHARLES,R,,Hospital,030117,,False
1003001363,0446319719,STEVENS,CHARLES,R,,Hospital,050045,,False
1003001462,8022273648,WOLSKI,MICHAL,,,Hospital,450372,,False
1003001645,7517056583,TRIVEDI,VINOD,,,Hospital,050309,,False
1003001645,7517056583,TRIVEDI,VINOD,,,Hospital,050017,,False
1003001645,7517056583,TRIVEDI,VINOD,,,Hospital,050108,,False
1003001645,7517056583,TRIVEDI,VINOD,,,Hospital,050537,,False
1003001785,5799871612,JONES,JACLYN,C,,Home health agency,377667,,False
1003001785,5799871612,JONES,JACLYN,C,,Hospital,370202,,False
1003001785,5799871612,JONES,JACLYN,C,,Hospital,370001,,False
1003001785,5799871612,JONES,JACLYN,C,,Hospital,370228,,False
1003002106,1557412756,CASTRO CORDOBA,JUAN LUIS,,,Hospital,100080,,False
1003002148,3274853627,OWENS,JUSTIN,M,,Hospital,190002,,False
1003002148,3274853627,OWENS,JUSTIN,M,,Hospital,190044,,False
1003002148,3274853627,OWENS,JUSTIN,M,,Hospital,190053,,False
1003002148,3274853627,OWENS,JUSTIN,M,,Hospital,190006,,False
1003002148,3274853627,OWENS,JUSTIN,M,,Hospital,191302,,False
1003002312,0547203192,HOPKINS,PATRICIA,T,,Hospital,220100,,False
1003002312,0547203192,HOPKINS,PATRICIA,T,,Hospital,220108,,False
1003002312,0547203192,HOPKINS,PATRICIA,T,,Hospital,220110,,False
1003002379,5496842486,SHRESTHA,SALONA,,,Hospital,380061,,False
1003002627,6800954280,KADIYALA,SAMATHA,K,,Hospital,450072,,False
1003002643,8527158971,BRADT,CARIE,E,,Hospital,330285,,False
1003002742,6103991245,LOCKMAN,BRETT,C.,,Hospital,050335,,False
1003002783,6507956612,HARTMAN,MATTHEW,S,,Hospital,390090,,False
1003002783,6507956612,HARTMAN,MATTHEW,S,,Hospital,390050,,False
1003002783,6507956612,HARTMAN,MATTHEW,S,,Hospital,390009,,False
1003002783,6507956612,HARTMAN,MATTHEW,S,,Hospital,390267,,False
1003002783,6507956612,HARTMAN,MATTHEW,S,,Hospital,390265,,False
1003002841,7416113105,CHOUDHARY,SAHER,KARIM,,Hospital,420078,,False
1003002841,7416113105,CHOUDHARY,SAHER,KARIM,,Hospital,420033,,False
1003002890,6002953973,HAMMAN,DANIEL,RICHARD,,Hospital,060113,,False
1003003070,7012089626,GILL,ANITA,,,Hospital,310051,,False
1003003856,6305813148,SANTIAGO,CYNTHIA,,,Home health agency,337147,,False
1003003856,6305813148,SANTIAGO,CYNTHIA,,,Home health agency,337400,,False
1003003856,6305813148,SANTIAGO,CYNTHIA,,,Hospital,330185,,False
1003004151,1658321344,PLETIN,TANYA,M,,Hospital,450044,,False
1003004201,4385881663,PHILBRICK,NATALIE,W,,Home health agency,679294,,False
1003004201,4385881663,PHILBRICK,NATALIE,W,,Hospital,450788,,False
1003004771,7911046602,RIGGLE,ERIN,E,,Hospital,060032,,False
1003004771,7911046602,RIGGLE,ERIN,E,,Hospital,060113,,False
1003005109,7214106418,FETTMAN,NICHOLAS,,,Hospital,050394,,False
1003005257,4880856988,PACE,STANLEY,C,,Hospital,360070,,False
1003005257,4880856988,PACE,STANLEY,C,,Hospital,360010,,False
1003005372,4082803564,PADRO-GUZMAN,JESUEL,,,Hospital,330154,,False
1003005836,6103979430,LEASURE,EMILY,L,,Hospital,240010,,False
1003006115,9335223908,DURHAM,BENJAMIN,W,,Hospital,010168,,False
1003006115,9335223908,DURHAM,BENJAMIN,W,,Hospital,110002,,False
1003006149,6800983925,GAMBOA,STEPHEN,HODGES,,Hospital,340017,,False
1003006503,1951572312,JEGEDE,OLUGBEMIGA,E,,Hospital,340091,,False
1003006586,7517010499,MAREEDU,JYOTSNA,,,Hospital,210004,,False
1003006586,7517010499,MAREEDU,JYOTSNA,,,Hospital,210065,,False
1003006602,8325134752,NASAJPOUR,HOSSEIN,,,Hospital,250058,,False
1003006636,3577699644,HASAN,SABA,FARHEEN,,Hospital,490120,,False
1003006636,3577699644,HASAN,SABA,FARHEEN,,Hospital,490017,,False
1003006727,2466598719,GAMBACORTA,KATHERINE,A,,Hospital,330005,,False
1003007022,5193808087,GUPTA,MAMTA,,,Hospital,450021,,False
1003007048,5799873139,FEREIDOUNI,SAM,S,,Hospital,030014,,False
1003007048,5799873139,FEREIDOUNI,SAM,S,,Hospital,030087,,False
1003007048,5799873139,FEREIDOUNI,SAM,S,,Hospital,030123,,False
1003007170,5698840981,DANCIU,SORIN,C,,Hospital,140182,,False
1003007279,1658452362,WILLIAMS,JENNIFER,C,,Hospital,500036,,False
1003007345,0840370326,HARLOW,MICHAEL,C,,Hospital,240004,,False
1003007345,0840370326,HARLOW,MICHAEL,C,,Hospital,240069,,False
1003007360,9830262435,MONTEMURNO,TINA,DEBORAH,,Hospital,060112,,False
1003007360,9830262435,MONTEMURNO,TINA,DEBORAH,,Hospital,060100,,False
1003007469,7113108705,OZUNA,EDUARDO,,,Hospital,450104,,False
1003007592,0547311979,MILLER,CAROLYN,K,,Hospital,391315,,False
1003007592,0547311979,MILLER,CAROLYN,K,,Hospital,390086,,False
1003007782,0446345334,SMERKA,KENNETH,S,,Hospital,330102,,False
1003007782,0446345334,SMERKA,KENNETH,S,,Hospital,330188,,False
1003007907,8224283056,TAVAN,EMMANUEL,,,Hospital,380017,,False
1003007907,8224283056,TAVAN,EMMANUEL,,,Hospital,380025,,False
1003007907,8224283056,TAVAN,EMMANUEL,,,Hospital,380009,,False
1003007907,8224283056,TAVAN,EMMANUEL,,,Hospital,380089,,False
1003007980,3274684758,BERNAL,JUAN,M,,Hospital,010104,,False
1003007980,3274684758,BERNAL,JUAN,M,,Hospital,010164,,False
1003008038,5799856803,DANDONA,HANA,,,Hospital,330286,,False
1003008095,3678666054,HOUSE,ROBIN,R,,Hospital,180011,,False
1003008095,3678666054,HOUSE,ROBIN,R,,Hospital,181329,,False
1003008111,6406027903,EASTERLIN,MARIE,,,Hospital,110025,,False
1003008244,1658544457,RAJBHANDARI,RUMA,,,Hospital,220071,,False
1003008244,1658544457,RAJBHANDARI,RUMA,,,Hospital,220035,,False
1003008269,1759427867,LARSON,MATTHEW,R,,Hospital,240207,,False
1003008517,2961572656,MENDEZ,DANIEL,,,Hospital,400016,,False
1003008517,2961572656,MENDEZ,DANIEL,,,Hospital,400109,,False
1003008574,5890987804,GINN,ERIC,R,,Hospital,390139,,False
1003008590,4486739463,CHIRUMAMILLA,RADHA,,,Hospital,050557,,False
1003009119,1153480827,MOHLER,TROY,,,Home health agency,497678,,False
1003009119,1153480827,MOHLER,TROY,,,Hospital,490043,,False
1003009283,1052465838,SOLBERG-SHANKLE,HEIDI,M,,Hospital,120011,,False
1003009358,8224103064,KODUMURI,VAMSI,,,Hospital,100007,,False
1003009424,8527153360,CADAN,ALEX,S,,Hospital,070010,,False
1003009796,3577876143,NELSON,HOLLY,A,,Hospital,500124,,False
1003009804,1153455159,VOLK,JILL,,,Hospital,220020,,False
1003009853,8820286743,DUNN,GRACE,EIZABETH,,Home health agency,108048,,False
1003009853,8820286743,DUNN,GRACE,EIZABETH,,Hospice,101545,,False
1003009853,8820286743,DUNN,GRACE,EIZABETH,,Hospital,100113,,False
1003009861,1658525894,BANNA,MOUSTAFA,,,Hospital,030089,,False
1003009861,1658525894,BANNA,MOUSTAFA,,,Hospital,030115,,False
1003009861,1658525894,BANNA,MOUSTAFA,,,Hospital,030061,,False
1003009986,9638269988,VANDONGEN,DANIQUE,L,,Home health agency,747186,,False
1003009986,9638269988,VANDONGEN,DANIQUE,L,,Inpatient rehabilitation facility,673071,,False
1003009986,9638269988,VANDONGEN,DANIQUE,L,,Inpatient rehabilitation facility,673038,,False
1003010133,4183725807,LEPLEY,JON,DAVID,,Home health agency,397013,,False
1003010133,4183725807,LEPLEY,JON,DAVID,,Hospital,390100,,False
1003010182,5496732463,ANDERSON,ROBERT,C,,Hospital,501336,,False
1003010265,4880760677,HUDAK,DANIEL,R,,Hospital,120005,,False
1003010299,5991983629,SMITH,WILLIAM,B,,Hospital,100204,,False
1003010349,1557388584,SHAYA,WISSAM,,,Inpatient rehabilitation facility,103039,,False
1003010406,9133384092,RAMASWAMY,RAVISHANKAR,,,Home health agency,337008,,False
1003010406,9133384092,RAMASWAMY,RAVISHANKAR,,,Hospital,330024,,False
1003010463,6204928815,BURGART,JENNIFER,E.,,Hospital,340123,,False
1003010570,9638216930,CHOW,LING,,,Hospital,350002,,False
1003010661,4789722323,DEFILIPPIS,NICHOLAS,J,,Hospital,450018,,False
1003010786,5698908614,SAVOIE,JERI LYNNE,,,Hospital,330047,,False
1003010786,5698908614,SAVOIE,JERI LYNNE,,,Hospital,330276,,False
1003010794,6002092004,SOKOLICH,JULIO,C,,Hospital,050126,,False
1003010802,1254504475,BIERDEN,REBECCA,,,Inpatient rehabilitation facility,273025,,False
1003010828,6507936416,COMBS,CRAIG,M,,Hospital,440015,,False
1003010844,0143365569,INSANA,ANTONINO,,,Hospital,310032,,False
1003010919,4183871882,FREDERICKS,PETER,D,,Hospital,060022,,False
1003010943,3678700408,KOSHY,ANOOPA,A,,Hospital,140281,,False
1003010943,3678700408,KOSHY,ANOOPA,A,,Hospital,140130,,False
1003010943,3678700408,KOSHY,ANOOPA,A,,Hospital,140242,,False
1003010943,3678700408,KOSHY,ANOOPA,A,,Hospital,140062,,False
1003011214,6608060298,BAJAJ,BHAVANDEEP,S,,Home health agency,217123,,False
1003011214,6608060298,BAJAJ,BHAVANDEEP,S,,Home health agency,217107,,False
1003011214,6608060298,BAJAJ,BHAVANDEEP,S,,Hospital,210011,,False
1003011214,6608060298,BAJAJ,BHAVANDEEP,S,,Nursing home,215299,,False
1003011214,6608060298,BAJAJ,BHAVANDEEP,S,,Nursing home,215178,,False
1003011214,6608060298,BAJAJ,BHAVANDEEP,S,,Nursing home,215347,,False
1003011339,2365684776,JIMENEZ,LINCOLN,M,,Hospital,100231,,False
1003011339,2365684776,JIMENEZ,LINCOLN,M,,Hospital,100266,,False
1003011396,3072779693,AMIN,KHALID,,,Hospital,240080,,False
1003011560,5597850768,CHANG,EMILY,CHIA CHUN,,Hospital,161376,,False
1003011578,1355413253,RICHARDSON,GAA,,,Hospital,340143,,False
1003011578,1355413253,RICHARDSON,GAA,,,Hospital,340116,,False
1003011610,9931233863,RAY,ALAKA,,,Home health agency,227207,,False
1003011610,9931233863,RAY,ALAKA,,,Hospital,220071,,False
1003011610,9931233863,RAY,ALAKA,,,Hospital,220035,,False
1003011610,9931233863,RAY,ALAKA,,,Hospital,220075,,False
1003011610,9931233863,RAY,ALAKA,,,Hospital,220110,,False
1003011610,9931233863,RAY,ALAKA,,,Hospital,220119,,False
1003011800,7810081627,BLOMEIER,HERMAN,E,,Hospital,140010,,False
1003011800,7810081627,BLOMEIER,HERMAN,E,,Hospital,140114,,False
1003011859,8921287822,MORRIS,MELAINE,S,,Hospital,010033,,False
1003011891,4587858543,SPIRA,ETAN,,,Hospital,310074,,False
1003011891,4587858543,SPIRA,ETAN,,,Hospital,310009,,False
1003011917,0244327773,CHONG,NYEN,V,,Hospital,210022,,False
1003011933,3476653619,HURLEY,PATRICK,,,Hospital,380018,,False
1003011933,3476653619,HURLEY,PATRICK,,,Hospital,050290,,False
1003011933,3476653619,HURLEY,PATRICK,,,Hospital,050038,,False
1003011933,3476653619,HURLEY,PATRICK,,,Hospital,050353,,False
1003011933,3476653619,HURLEY,PATRICK,,,Hospital,500024,,False
1003011941,5597909366,JUNG,EDWARD,W,,Hospital,050382,,False
1003011966,3577656487,KALLSNICK,AARON,,,Hospital,520096,,False
1003011982,8325296411,DEEB,LILIANE,S,,Hospital,330160,,False
1003011982,8325296411,DEEB,LILIANE,S,,Hospital,330197,,False
1003012014,7618146309,SCARFO,KEITH,AUSTIN,,Hospital,410007,,False
1003012014,7618146309,SCARFO,KEITH,AUSTIN,,Hospital,410012,,False
1003012022,5092946087,CUDZILO,COREY,,,Hospital,440125,,False
1003012022,5092946087,CUDZILO,COREY,,,Long-term care hospital,442015,,False
1003012063,4587835780,NWAOGWUGWU,UZOAKMAKA,T,,Dialysis facility,212666,,False
1003012063,4587835780,NWAOGWUGWU,UZOAKMAKA,T,,Dialysis facility,092521,,False
1003012063,4587835780,NWAOGWUGWU,UZOAKMAKA,T,,Hospital,090003,,False
1003012063,4587835780,NWAOGWUGWU,UZOAKMAKA,T,,Hospital,090011,,False
1003012113,3779683818,NUNES,WENDY,A,,Hospital,521337,,False
1003012188,4486871605,SPADER,HEATHER,,,Hospital,490009,,False
1003012204,6709910128,CLAIR,CHARLES,M,,Hospital,131319,,False
1003012204,6709910128,CLAIR,CHARLES,M,,Nursing home,13Z319,131319,False
1003012303,6406972785,MALLEK,GREGORY,WILLIAM,,Hospital,500003,,False
1003012345,7214107754,GARVEY,MATTHEW,L,,Hospital,360006,,False
1003012345,7214107754,GARVEY,MATTHEW,L,,Hospital,360348,,False
1003012352,3678665437,BOOTS,CARRIE,J,,Hospital,150017,,False
1003012352,3678665437,BOOTS,CARRIE,J,,Hospital,151330,,False
1003012410,8628266863,TINDOC,LORELANE,P,,Home health agency,317092,,False
1003012410,8628266863,TINDOC,LORELANE,P,,Home health agency,317054,,False
1003012410,8628266863,TINDOC,LORELANE,P,,Hospital,310017,,False
1003012410,8628266863,TINDOC,LORELANE,P,,Nursing home,315491,,False
1003012428,8325148158,PATEL,VIRAL,V,,Home health agency,187075,,False
1003012428,8325148158,PATEL,VIRAL,V,,Hospital,180035,,False
1003012428,8325148158,PATEL,VIRAL,V,,Hospital,181311,,False
1003012428,8325148158,PATEL,VIRAL,V,,Hospital,180045,,False
1003012444,3577781657,PICEL,ANDREW,CHARLES,,Hospital,050441,,False
1003012451,7113015124,MITRA,RANJANA,N,,Hospital,490007,,False
1003012451,7113015124,MITRA,RANJANA,N,,Hospital,490046,,False
1003012451,7113015124,MITRA,RANJANA,N,,Hospital,340109,,False
1003012477,3274665963,MODRY KAMIEN,ARIEL,M,,Hospital,450021,,False
1003012493,8820237191,GILMORE,CARL,J,,Home health agency,327123,,False
1003012493,8820237191,GILMORE,CARL,J,,Hospital,320021,,False
1003012634,8022296755,LU,DUNYUE,,,Hospital,230227,,False
1003012642,8022264449,MAZLOOM,NARGES,,,Hospital,100068,,False
1003012642,8022264449,MAZLOOM,NARGES,,,Hospital,100014,,False
1003012642,8022264449,MAZLOOM,NARGES,,,Hospital,100017,,False
1003012642,8022264449,MAZLOOM,NARGES,,,Hospital,100118,,False
1003012667,3173618642,NIENOW,CHERIE,S,,Hospital,240106,,False
1003012667,3173618642,NIENOW,CHERIE,S,,Hospital,240038,,False
1003012915,9133275274,JOHN,JAYASHREE,S,,Hospital,110129,,False
1003012931,3577651264,LOPEZ,NICETO,,,Home health agency,553107,,False
1003012931,3577651264,LOPEZ,NICETO,,,Hospice,A11663,,False
1003012931,3577651264,LOPEZ,NICETO,,,Hospice,A11722,,False
1003012931,3577651264,LOPEZ,NICETO,,,Hospice,B31561,,False
1003012931,3577651264,LOPEZ,NICETO,,,Hospice,A01679,,False
1003012931,3577651264,LOPEZ,NICETO,,,Nursing home,056380,,False
1003012931,3577651264,LOPEZ,NICETO,,,Nursing home,056114,,False
1003012931,3577651264,LOPEZ,NICETO,,,Nursing home,056195,,False
1003012931,3577651264,LOPEZ,NICETO,,,Nursing home,056415,,False
1003012931,3577651264,LOPEZ,NICETO,,,Nursing home,555054,,False
1003012949,3476625070,PATEL RAVAL,PINECCA,,,Hospital,110215,,False
1003012949,3476625070,PATEL RAVAL,PINECCA,,,Long-term care hospital,112007,,False
1003013004,5496944498,DAJANI,ASMA,B,,Hospital,360017,,False
1003013061,7315025178,CORREA,ZANA,,,Hospital,330154,,False
1003013129,5395909642,SHEEHAN,DAVID,J,,Hospital,390203,,False
1003013129,5395909642,SHEEHAN,DAVID,J,,Hospital,390035,,False
1003013152,2466529292,DAVIDSON,ERIC,L,,Hospital,390028,,False
1003013152,2466529292,DAVIDSON,ERIC,L,,Hospital,390164,,False
1003013160,6103863931,GRABENSTEIN,WILLIAM,P,,Home health agency,447298,,False
1003013160,6103863931,GRABENSTEIN,WILLIAM,P,,Home health agency,447107,,False
1003013160,6103863931,GRABENSTEIN,WILLIAM,P,,Hospital,440035,,False
1003013210,6305089533,STRAND,DANIEL,S,,Hospital,490009,,False
1003013335,1052464229,SARTI,JUAN,,,Hospital,050557,,False
1003013392,9931355088,RATCHFORD,ERIK,MICHAEL,,Hospital,230059,,False
1003013392,9931355088,RATCHFORD,ERIK,MICHAEL,,Hospital,230038,,False
1003013392,9931355088,RATCHFORD,ERIK,MICHAEL,,Hospital,230236,,False
1003013392,9931355088,RATCHFORD,ERIK,MICHAEL,,Hospital,230174,,False
1003013442,3870770142,KAN,JACK,M,,Hospital,050224,,False
1003013442,3870770142,KAN,JACK,M,,Hospital,050769,,False
1003013483,0143460899,BOEHMLER,JESSICA,,,Hospital,390133,,False
1003013533,3173506391,CIOFFI,GEORGE,A,,Hospital,330101,,False
1003013582,9830221068,HAGGERTY,TREAH,SHEA,,Hospital,510001,,False
1003013608,9234029448,BYRNE,EMILY,,,Hospital,470001,,False
1003013673,7618133430,KRETCHMAN,ERICA,M,,Hospital,150048,,False
1003013673,7618133430,KRETCHMAN,ERICA,M,,Hospital,361335,,False
1003013673,7618133430,KRETCHMAN,ERICA,M,,Hospital,151301,,False
1003013673,7618133430,KRETCHMAN,ERICA,M,,Hospital,360133,,False
1003013715,5092800565,WANG,ROBERTA,Y,,Hospital,050038,,False
1003013814,7012194491,BAILEY,NATHANAEL,G,,Hospital,390114,,False
1003013814,7012194491,BAILEY,NATHANAEL,G,,Hospital,390164,,False
1003013814,7012194491,BAILEY,NATHANAEL,G,,Hospital,390102,,False
1003013814,7012194491,BAILEY,NATHANAEL,G,,Hospital,390107,,False
1003013814,7012194491,BAILEY,NATHANAEL,G,,Hospital,390091,,False
1003013970,3173793346,HERSHBERGER,JENNIFER,,,Hospital,420071,,False
1003014044,1355663238,OLSEN,ALEX,BRYAN,,Hospital,030110,,False
1003014077,4587759956,PITTMAN,LARRY,H,JR.,Hospital,370172,,False
1003014267,4385807585,MEHRAZIN,REZA,,,Hospital,330024,,False
1003014457,5799872669,KHAJA,ASLAM,H,,Hospital,140258,,False
1003014457,5799872669,KHAJA,ASLAM,H,,Hospital,140117,,False
1003014457,5799872669,KHAJA,ASLAM,H,,Hospital,140080,,False
1003014457,5799872669,KHAJA,ASLAM,H,,Hospital,140291,,False
1003014457,5799872669,KHAJA,ASLAM,H,,Hospital,140202,,False
1003014473,2365534260,BARAK,RAKESH,,,Hospital,310012,,False
1003014473,2365534260,BARAK,RAKESH,,,Hospital,110083,,False
1003014473,2365534260,BARAK,RAKESH,,,Hospital,390066,,False
1003014473,2365534260,BARAK,RAKESH,,,Hospital,390225,,False
1003014473,2365534260,BARAK,RAKESH,,,Hospital,390065,,False
1003014705,0042404543,JINDAL,ANKUR,,,Hospital,010039,,False
1003014705,0042404543,JINDAL,ANKUR,,,Hospital,010079,,False
1003014705,0042404543,JINDAL,ANKUR,,,Hospital,010085,,False
1003014705,0042404543,JINDAL,ANKUR,,,Hospital,010005,,False
1003014705,0042404543,JINDAL,ANKUR,,,Hospital,440102,,False
1003014762,9436273430,WHARTON,JOSHUA,B,,Hospital,010005,,False
1003014911,6002930344,BERGER,JOHN,,,Hospital,060131,,False
1003014911,6002930344,BERGER,JOHN,,,Hospital,060119,,False
1003014911,6002930344,BERGER,JOHN,,,Hospital,060010,,False
1003014986,1254483290,YUZEFOVICH,MICHAEL,,,Hospital,100038,,False
1003015116,0547452377,CHHABRA,DARSHIKA,,,Hospital,140208,,False
1003015157,3072706308,COMMONS,BRADFORD,STAGER,,Hospital,050689,,False
1003015157,3072706308,COMMONS,BRADFORD,STAGER,,Hospital,050122,,False
1003015173,0143404608,BEAUCHAMP BRUNO,MAYRA,CRISTINA,,Hospital,300003,,False
1003015207,5496725798,SWANEY,ROBERT,,,Hospital,150082,,False
1003015207,5496725798,SWANEY,ROBERT,,,Hospital,151319,,False
1003015207,5496725798,SWANEY,ROBERT,,,Hospital,150149,,False
1003015207,5496725798,SWANEY,ROBERT,,,Hospital,180056,,False
1003015207,5496725798,SWANEY,ROBERT,,,Hospital,150115,,False
1003015280,5698867927,WALSH,KATHERINE,L,,Hospital,100151,,False
1003015314,3678619020,BRADLEY,MICHELLE,R,,Hospital,350070,,False
1003015421,0446407753,DHEVAN,VIJIAN,,,Hospital,450033,,False
1003015421,0446407753,DHEVAN,VIJIAN,,,Hospital,450855,,False
1003015421,0446407753,DHEVAN,VIJIAN,,,Hospital,450869,,False
1003015439,4284768797,CANETTA,PIETRO,A,,Hospital,330101,,False
1003015447,2163506544,PARNHAM,RYAN,E,,Hospital,140067,,False
1003015462,4082832886,CHANG,CHUN,J,,Hospital,050231,,False
1003015462,4082832886,CHANG,CHUN,J,,Hospital,050300,,False
1003015462,4082832886,CHANG,CHUN,J,,Hospital,050737,,False
1003015553,9133117898,FISHMAN,MICHAEL,SCOT,,Hospital,500072,,False
1003015553,9133117898,FISHMAN,MICHAEL,SCOT,,Hospital,500016,,False
1003015553,9133117898,FISHMAN,MICHAEL,SCOT,,Hospital,500026,,False
1003015553,9133117898,FISHMAN,MICHAEL,SCOT,,Hospital,500025,,False
1003015553,9133117898,FISHMAN,MICHAEL,SCOT,,Hospital,501323,,False
1003015652,6103099023,DEHQANZADA,ZIA,A,,Hospital,050309,,False
1003015686,1850485301,BLUME,DEBORAH,A,,Hospital,220015,,False
1003015728,8123274958,BLACK,ROBERT,,,Hospital,110087,,False
1003015736,9133244734,PEDRES,MAUREEN,TAN,,Hospital,230038,,False
1003015850,4981838810,MADHAVAN,SETHU,,,Hospital,360242,,False
1003015850,4981838810,MADHAVAN,SETHU,,,Hospital,360085,,False
1003015967,0840314175,FELTON,JASON,,,Hospital,450686,,False
1003016023,0446395958,MOTARJEMI,RAMIN,,,Hospital,050115,,False
1003016023,0446395958,MOTARJEMI,RAMIN,,,Hospital,050636,,False
1003016163,6800031840,HARTSHORN,HEATHER,ANNE,,Hospital,340114,,False
1003016205,2264677657,CASH,ADAM,D,,Hospital,360064,,False
1003016205,2264677657,CASH,ADAM,D,,Hospital,360161,,False
1003016270,3678750494,MUTHUKRISHNAN,VIJAI,B,,Hospital,070029,,False
1003016353,5395777981,SHARMA,CORDELIA,,,Hospital,330399,,False
1003016585,2668694670,DONAHUE,THOMAS,M,,Hospital,360039,,False
1003016718,6709967128,HRNACK,SCOTT,A,,Hospital,450883,,False
1003016809,7517091341,BAUMGARDNER,ZACHARY,T,,Hospital,290001,,False
1003016809,7517091341,BAUMGARDNER,ZACHARY,T,,Hospital,290009,,False
1003016809,7517091341,BAUMGARDNER,ZACHARY,T,,Hospital,290049,,False
1003016916,1759523723,NICHOLSON,BENJAMIN,,,Hospital,230021,,False
1003016940,0840386629,NIPPER,NICOLE,S,,Hospital,240010,,False
1003016957,8022156645,MATHUR,SHISHIR,,,Hospital,070025,,False
1003016957,8022156645,MATHUR,SHISHIR,,,Hospital,070035,,False
1003016957,8022156645,MATHUR,SHISHIR,,,Hospital,070020,,False
1003016957,8022156645,MATHUR,SHISHIR,,,Hospital,070017,,False
1003016957,8022156645,MATHUR,SHISHIR,,,Hospital,070024,,False
1003017112,0143366492,SANCASSANI,RHEA,B,,Hospital,100022,,False
1003017112,0143366492,SANCASSANI,RHEA,B,,Hospital,100079,,False
1003017229,9931258159,CLARK,DANIEL,J,,Hospital,050174,,False
1003017229,9931258159,CLARK,DANIEL,J,,Hospital,050414,,False
1003017286,6507015179,GASKI,GREG,E,,Hospital,490063,,False
1003017286,6507015179,GASKI,GREG,E,,Hospital,490043,,False
1003017427,6204005648,LUE,STANLEY,GARKEN,,Hospital,100007,,False
1003017427,6204005648,LUE,STANLEY,GARKEN,,Hospital,100018,,False
1003017427,6204005648,LUE,STANLEY,GARKEN,,Hospital,100068,,False
1003017427,6204005648,LUE,STANLEY,GARKEN,,Hospital,100099,,False
1003017468,6406907211,SMITH,RYAN,,,Hospital,110028,,False
1003017518,6901995133,HELIGER,HANNAH,,,Hospital,390037,,False
1003017666,9931349131,NITZEL,CORY,MICHAEL LEE,,Hospital,050159,,False
1003017682,0042366981,AKHTAR,NAUMAN,J,,Home health agency,497678,,False
1003017682,0042366981,AKHTAR,NAUMAN,J,,Hospital,490043,,False
1003017682,0042366981,AKHTAR,NAUMAN,J,,Hospital,490050,,False
1003017732,1557683323,TROM,RACHAEL,A,,Hospital,351364,,False
1003017799,5294826103,VANDERPOL,MELANIE,,,Hospital,130007,,False
1003017799,5294826103,VANDERPOL,MELANIE,,,Hospital,130006,,False
1003017906,7012198567,BURZELL,LINDEN,J,,Home health agency,053124,,False
1003017963,4183716749,TODD,JOSHUA,WEBER,,Hospital,440125,,False
1003017963,4183716749,TODD,JOSHUA,WEBER,,Hospital,440057,,False
1003017963,4183716749,TODD,JOSHUA,WEBER,,Hospital,440081,,False
1003017963,4183716749,TODD,JOSHUA,WEBER,,Hospital,440030,,False
1003017963,4183716749,TODD,JOSHUA,WEBER,,Hospital,440173,,False
1003017971,4981897386,TWEET,MATTHEW,,,Home health agency,557073,,False
1003017971,4981897386,TWEET,MATTHEW,,,Hospital,050108,,False
1003017971,4981897386,TWEET,MATTHEW,,,Hospital,050309,,False
1003017971,4981897386,TWEET,MATTHEW,,,Hospital,050498,,False
1003017971,4981897386,TWEET,MATTHEW,,,Hospital,050014,,False
1003017971,4981897386,TWEET,MATTHEW,,,Hospital,050537,,False
1003018086,9931285897,QUESADA,MARIO,JOSEPH,,Home health agency,747908,,False
1003018086,9931285897,QUESADA,MARIO,JOSEPH,,Hospital,450028,,False
1003018086,9931285897,QUESADA,MARIO,JOSEPH,,Hospital,450869,,False
1003018086,9931285897,QUESADA,MARIO,JOSEPH,,Hospital,450662,,False
1003018177,2860584844,GONZALEZ,NANCY,,,Hospital,140231,,False
1003018250,6406914076,CALCATERRA,DOMENICO,,,Hospital,100035,,False
1003018276,3072603968,REIMAN,STEVEN,R,,Hospital,670025,,False
1003018276,3072603968,REIMAN,STEVEN,R,,Hospital,450890,,False
1003018276,3072603968,REIMAN,STEVEN,R,,Hospital,670082,,False
1003018276,3072603968,REIMAN,STEVEN,R,,Hospital,450893,,False
1003018276,3072603968,REIMAN,STEVEN,R,,Hospital,450885,,False
1003018342,5698914497,MOON,BRIAN,BISHOP,,Hospital,100088,,False
1003018342,5698914497,MOON,BRIAN,BISHOP,,Hospital,100226,,False
1003018342,5698914497,MOON,BRIAN,BISHOP,,Hospital,100179,,False
1003018342,5698914497,MOON,BRIAN,BISHOP,,Hospital,100117,,False
1003018342,5698914497,MOON,BRIAN,BISHOP,,Hospital,110016,,False
1003018748,0941392419,THOMAS,BRAD,A,,Hospital,040147,,False
1003018748,0941392419,THOMAS,BRAD,A,,Hospital,040007,,False
1003018748,0941392419,THOMAS,BRAD,A,,Hospital,040029,,False
1003018748,0941392419,THOMAS,BRAD,A,,Hospital,040041,,False
1003018748,0941392419,THOMAS,BRAD,A,,Hospital,040071,,False
1003018748,0941392419,THOMAS,BRAD,A,,Inpatient rehabilitation facility,043026,,False
1003019043,0143397588,GOEKE,KATHRYN,,,Hospital,060015,,False
1003019191,1557492899,WARREN,DAVID,T,,Hospital,010006,,False
1003019191,1557492899,WARREN,DAVID,T,,Hospital,010157,,False
1003019209,9032381249,NAIR,DEEPAK,S,,Hospital,140067,,False
1003019340,2860584653,BAROS,EVAGELIA,,,Home health agency,387003,,False
1003019340,2860584653,BAROS,EVAGELIA,,,Hospital,380004,,False
1003019340,2860584653,BAROS,EVAGELIA,,,Hospital,380037,,False
1003019423,1850491820,MARX,JULIE,A,,Hospice,261674,,False
1003019423,1850491820,MARX,JULIE,A,,Hospice,261699,,False
1003019423,1850491820,MARX,JULIE,A,,Hospital,260177,,False
1003019498,7618130956,RASER-SCHRAMM,JONATHAN,M,,Hospital,080001,,False
1003019514,4688866296,ELLIS,BRENNAN,P,,Hospital,060100,,False
1003019563,4688707060,FRANK,JOHN,JOSEPH,,Hospital,060006,,False
1003019563,4688707060,FRANK,JOHN,JOSEPH,,Hospital,060023,,False
1003019563,4688707060,FRANK,JOHN,JOSEPH,,Hospital,060071,,False
1003019571,8426109760,SEHGAL,RAJESH,,,Hospital,100007,,False
1003019613,4385833565,STEFAN,DELIA,,,Hospital,330261,,False
1003019613,4385833565,STEFAN,DELIA,,,Hospital,330162,,False
1003019621,7911152749,SULLIVAN,DONALD,RICHARD,,Hospital,380009,,False
1003019654,9234371196,SIRC,EVAN,M,,Hospital,050180,,False
1003019654,9234371196,SIRC,EVAN,M,,Hospital,050496,,False
1003019811,8022185214,LAM,EREK,M,,Hospital,390107,,False
1003019811,8022185214,LAM,EREK,M,,Hospital,390114,,False
1003019811,8022185214,LAM,EREK,M,,Hospital,390164,,False
1003019860,6608023585,VAUGHAN,JAMES,W,,Hospital,440015,,False
1003019902,4688816242,ACOSTA,LEALANI,MAE,,Home health agency,447249,,False
1003019902,4688816242,ACOSTA,LEALANI,MAE,,Hospital,440039,,False
1003020041,4183776222,GRIFA,MARGARET,,,Hospital,110029,,False
1003020041,4183776222,GRIFA,MARGARET,,,Hospital,110005,,False
1003020116,4183762032,SIMPSON,MATTHEW,E,,Hospital,260001,,False
1003020264,5597990135,HENNESSY,SARA,A,,Hospital,450044,,False
1003020348,1355467374,RIPPON,JENNIFER,LYNN,,Hospital,190064,,False
1003020348,1355467374,RIPPON,JENNIFER,LYNN,,Hospital,260027,,False
1003020413,2163675810,BATTY,GEORGE,NICOLAS,,Hospital,271344,,False
1003020413,2163675810,BATTY,GEORGE,NICOLAS,,Hospital,390110,,False
1003020496,8426220989,WINTERS,AMANDA,J,,Hospital,160057,,False
1003020504,6800075201,PUNSALAN,TRICIA,L,,Hospice,671703,,False
1003020504,6800075201,PUNSALAN,TRICIA,L,,Inpatient rehabilitation facility,743028,,False
1003020504,6800075201,PUNSALAN,TRICIA,L,,Long-term care hospital,452107,,False
1003020504,6800075201,PUNSALAN,TRICIA,L,,Nursing home,676420,,False
1003020504,6800075201,PUNSALAN,TRICIA,L,,Nursing home,675894,,False
1003020538,2062513328,BROWN,COLLEEN,,,Hospital,310014,,False
1003020538,2062513328,BROWN,COLLEEN,,,Hospital,170040,,False
1003020645,6305912858,ILAHI,MARIUM,,,Hospital,280060,,False
1003020645,6305912858,ILAHI,MARIUM,,,Hospital,160028,,False
1003020645,6305912858,ILAHI,MARIUM,,,Hospital,280130,,False
1003020645,6305912858,ILAHI,MARIUM,,,Hospital,280081,,False
1003020660,4587716451,TIERNEY,SHANNON,N,,Hospital,490018,,False
1003021387,6800963976,ALKHOURY FALLOUH,NABIL,,,Hospital,090001,,False
1003021783,1355412982,TEXADA,JOHN,,,Hospital,440017,,False
1003021783,1355412982,TEXADA,JOHN,,,Hospital,440012,,False
1003021783,1355412982,TEXADA,JOHN,,,Hospital,440125,,False
1003021783,1355412982,TEXADA,JOHN,,,Hospital,440173,,False
1003021783,1355412982,TEXADA,JOHN,,,Hospital,490053,,False
1003021825,3274757554,GALLO,GARY,ANTHONY,,Home health agency,109423,,False
1003021825,3274757554,GALLO,GARY,ANTHONY,,Home health agency,107406,,False
1003021825,3274757554,GALLO,GARY,ANTHONY,,Hospital,100286,,False
1003021825,3274757554,GALLO,GARY,ANTHONY,,Hospital,100018,,False
1003021882,6709054810,CHUNG,REX,,,Hospital,050625,,False
1003021916,5890068746,LARVA,JEREMY,J,,Hospital,140281,,False
1003021916,5890068746,LARVA,JEREMY,J,,Hospital,140062,,False
1003021916,5890068746,LARVA,JEREMY,J,,Inpatient rehabilitation facility,143026,,False
1003022013,9335316801,CHEN,MERRY,,,Hospital,450076,,False
1003022237,8123143450,LEE,SANGIL,,,Hospital,160058,,False
1003022237,8123143450,LEE,SANGIL,,,Hospital,161344,,False
1003022245,6709932577,COOK,TRACI,,,Hospital,390258,,False
1003022245,6709932577,COOK,TRACI,,,Hospital,310044,,False
1003022245,6709932577,COOK,TRACI,,,Hospital,390111,,False
1003022310,9133220080,KRECHMERY,KAREN,L,,Hospital,110078,,False
1003022468,2062946296,EGAN,JENNIFER,ANNE,,Hospital,340113,,False
1003022468,2062946296,EGAN,JENNIFER,ANNE,,Hospital,340021,,False
1003022468,2062946296,EGAN,JENNIFER,ANNE,,Hospital,340098,,False
1003022468,2062946296,EGAN,JENNIFER,ANNE,,Hospital,340130,,False
1003022468,2062946296,EGAN,JENNIFER,ANNE,,Hospital,340119,,False
1003022591,5991994055,KEMPTON,LAURENCE,B,,Hospital,340113,,False
1003022591,5991994055,KEMPTON,LAURENCE,B,,Hospital,340130,,False
1003022682,7618016049,SHAH,MAULIK,N,,Hospital,050093,,False
1003022708,4082855101,DESHMUKH,ANAND,R,,Hospital,280128,,False
1003022708,4082855101,DESHMUKH,ANAND,R,,Hospital,281301,,False
1003022708,4082855101,DESHMUKH,ANAND,R,,Hospital,281342,,False
1003022708,4082855101,DESHMUKH,ANAND,R,,Hospital,281336,,False
1003022708,4082855101,DESHMUKH,ANAND,R,,Hospital,280020,,False
1003022708,4082855101,DESHMUKH,ANAND,R,,Inpatient rehabilitation facility,283025,,False
1003022765,5799835526,GATTINENI,JYOTHSNA,,,Hospital,453302,,False
1003022807,7618026535,DABRAMO,CATHERINE,V,,Hospital,360059,,False
1003022898,4486746211,AHMED,NUSRAT,,,Hospital,450289,,False
1003023045,0042468324,TURPIN,BRIAN,KEITH,,Hospital,363300,,False
1003023201,4183818925,ECKSTEIN,CHRISTOPHER,,,Hospital,340030,,False
1003023235,7113907791,LEE,CATHERINE,E,,Hospital,230130,,False
1003023276,8022287994,JARRELL,SHELBY,EDWARD,III,Hospital,320021,,False
1003023284,9133165178,MCELROY,ALLEGRA,,,Hospital,220060,,False
1003023284,9133165178,MCELROY,ALLEGRA,,,Hospital,220135,,False
1003023284,9133165178,MCELROY,ALLEGRA,,,Hospital,220012,,False
1003023284,9133165178,MCELROY,ALLEGRA,,,Inpatient rehabilitation facility,223032,,False
1003023359,2466528294,RACKLEY,JUSTIN,H,,Hospital,360001,,False
1003023581,0345385589,HINGORANI,JAIDEEP,U,,Dialysis facility,102892,,False
1003023581,0345385589,HINGORANI,JAIDEEP,U,,Dialysis facility,102549,,False
1003023581,0345385589,HINGORANI,JAIDEEP,U,,Dialysis facility,102706,,False
1003023581,0345385589,HINGORANI,JAIDEEP,U,,Dialysis facility,682588,,False
1003023581,0345385589,HINGORANI,JAIDEEP,U,,Dialysis facility,682581,,False
1003023581,0345385589,HINGORANI,JAIDEEP,U,,Hospital,100236,,False
1003023581,0345385589,HINGORANI,JAIDEEP,U,,Hospital,100077,,False
1003023581,0345385589,HINGORANI,JAIDEEP,U,,Hospital,100087,,False
1003023581,0345385589,HINGORANI,JAIDEEP,U,,Hospital,100175,,False
1003023581,0345385589,HINGORANI,JAIDEEP,U,,Hospital,100244,,False
1003023607,4183706260,LEWIS,MATTHEW,,,Hospital,110076,,False
1003024191,8527246883,PEDDI,SRINIVAS,,,Hospital,050353,,False
1003024191,8527246883,PEDDI,SRINIVAS,,,Hospital,050290,,False
1003024191,8527246883,PEDDI,SRINIVAS,,,Hospital,050624,,False
1003024191,8527246883,PEDDI,SRINIVAS,,,Hospital,050078,,False
1003024332,1153469168,DENCHEV,KRASSIMIR,L,,Hospital,230029,,False
1003024746,8820149073,BEVIS,KERRI,S,,Hospital,010029,,False
1003024746,8820149073,BEVIS,KERRI,S,,Hospital,010149,,False
1003024811,9234201922,HAMAKER,LISA,L,,Hospital,390329,,False
1003024829,8921198854,COLLINS,AIMEE,M,,Hospital,490032,,False
1003024894,9830223163,NECCI,MICHAEL,A,,Hospital,360131,,False
1003024894,9830223163,NECCI,MICHAEL,A,,Hospital,360084,,False
1003025032,9032260450,EL ABIAD,RAMI,G,,Hospital,160058,,False
1003025032,9032260450,EL ABIAD,RAMI,G,,Hospital,160029,,False
1003025271,3476621103,LIU,YINGHUI,,,Hospital,450651,,False
1003025347,9638241169,VARNADO,ANJANETTE,L,,Hospice,191633,,False
1003025347,9638241169,VARNADO,ANJANETTE,L,,Hospital,191300,,False
1003025347,9638241169,VARNADO,ANJANETTE,L,,Hospital,190128,,False
1003025461,3274683479,GARFIELD,JAMIE,,,Hospital,390027,,False
1003025461,3274683479,GARFIELD,JAMIE,,,Hospital,390139,,False
1003025461,3274683479,GARFIELD,JAMIE,,,Hospital,390123,,False
1003025511,9436435633,COLLIER,MELISSA,GERHART,,Hospital,150056,,False
1003025594,5799064614,IRELAND,JAMES,,,Hospital,040055,,False
1003025594,5799064614,IRELAND,JAMES,,,Hospital,040014,,False
1003025594,5799064614,IRELAND,JAMES,,,Hospital,040002,,False
1003025594,5799064614,IRELAND,JAMES,,,Hospital,040164,,False
1003025594,5799064614,IRELAND,JAMES,,,Hospital,040062,,False
1003025743,8224168125,GANDHI,NAINESH,K,,Hospital,050140,,False
1003025875,9739358524,DAVOL,PATRICK,E,,Hospital,380075,,False
1003025875,9739358524,DAVOL,PATRICK,E,,Hospital,380018,,False
1003025875,9739358524,DAVOL,PATRICK,E,,Hospital,051316,,False
1003025875,9739358524,DAVOL,PATRICK,E,,Hospital,380027,,False
1003025875,9739358524,DAVOL,PATRICK,E,,Hospital,381322,,False
1003026055,4486827367,PHADKE,RADHIKA,PUSHKAR,,Hospital,100276,,False
1003026055,4486827367,PHADKE,RADHIKA,PUSHKAR,,Hospital,100168,,False
1003026212,3971781832,MORGAN,GALON,C,,Hospital,450771,,False
1003026212,3971781832,MORGAN,GALON,C,,Hospital,450890,,False
1003026212,3971781832,MORGAN,GALON,C,,Hospital,450675,,False
1003026212,3971781832,MORGAN,GALON,C,,Hospital,670068,,False
1003026212,3971781832,MORGAN,GALON,C,,Hospital,450639,,False
1003026295,2163589664,THACKER,JEREMY,W,,Hospital,180067,,False
1003026410,5597950543,MUMMADI,VIJAYA,L,,Hospital,450021,,False
1003026469,7012045289,JACOBSON,TATIANA,B,,Hospital,450718,,False
1003026469,7012045289,JACOBSON,TATIANA,B,,Hospital,450056,,False
1003026469,7012045289,JACOBSON,TATIANA,B,,Hospital,450431,,False
1003026469,7012045289,JACOBSON,TATIANA,B,,Hospital,450809,,False
1003026469,7012045289,JACOBSON,TATIANA,B,,Hospital,450808,,False
1003026493,2668545708,BERDAHL,DANIELLE,M,,Hospital,150021,,False
1003026824,2961687736,PANGRAZZI,ELIZABETH,,,Hospital,231318,,False
1003027038,6103004866,NGUYEN,NINH,H,,Hospital,450775,,False
1003027186,5890874200,SPIGLE,DENISE,ANN GRIFFIN,,Hospice,491645,,False
1003027202,0941354179,DEL VALLE,PAUL,GASTON,,Hospital,100243,,False
1003027269,6103010624,LUNSFORD,LEE,,,Hospital,380061,,False
1003027269,6103010624,LUNSFORD,LEE,,,Hospital,380004,,False
1003027285,5698930915,DEQUADROS,NISHANT,M,,Hospital,110064,,False
1003027285,5698930915,DEQUADROS,NISHANT,M,,Hospital,110200,,False
1003027285,5698930915,DEQUADROS,NISHANT,M,,Hospital,110016,,False
1003027285,5698930915,DEQUADROS,NISHANT,M,,Hospital,111308,,False
1003027285,5698930915,DEQUADROS,NISHANT,M,,Hospital,110165,,False
1003027301,8729253406,BUTT,AHMED,T,,Hospital,490022,,False
1003027376,3678737905,JUNCK,ANTHONY,D,,Hospital,100093,,False
1003027376,3678737905,JUNCK,ANTHONY,D,,Hospital,100266,,False
1003027376,3678737905,JUNCK,ANTHONY,D,,Hospital,100231,,False
1003027376,3678737905,JUNCK,ANTHONY,D,,Hospital,101308,,False
1003027376,3678737905,JUNCK,ANTHONY,D,,Hospital,101315,,False
1003027392,6103957303,CURT,BRADFORD,A,,Hospital,360163,,False
1003027392,6103957303,CURT,BRADFORD,A,,Hospital,360016,,False
1003027392,6103957303,CURT,BRADFORD,A,,Hospital,360179,,False
1003027392,6103957303,CURT,BRADFORD,A,,Hospital,360076,,False
1003027392,6103957303,CURT,BRADFORD,A,,Hospital,360134,,False
1003027509,0749577393,QUERRY,AMANDA,G,,Hospital,200033,,False
1003027582,9638224470,GRANT,MICHAEL,E,,Hospital,350006,,False
1003027582,9638224470,GRANT,MICHAEL,E,,Hospital,351334,,False
1003027582,9638224470,GRANT,MICHAEL,E,,Hospital,350002,,False
1003027582,9638224470,GRANT,MICHAEL,E,,Hospital,351300,,False
1003027764,2264602556,BUCK,TONDRE,TREMAINE,,Hospital,420007,,False
1003027764,2264602556,BUCK,TONDRE,TREMAINE,,Hospital,420103,,False
1003027764,2264602556,BUCK,TONDRE,TREMAINE,,Hospital,420108,,False
1003027913,5890866990,OLSEN,ROBIN,Q,,Hospital,490066,,False
1003027913,5890866990,OLSEN,ROBIN,Q,,Hospital,490093,,False
1003027913,5890866990,OLSEN,ROBIN,Q,,Hospital,490059,,False
1003027913,5890866990,OLSEN,ROBIN,Q,,Hospital,490007,,False
1003027939,1052468055,ISAACSON,TODD,M,,Home health agency,167292,,False
1003027939,1052468055,ISAACSON,TODD,M,,Hospital,161366,,False
1003027939,1052468055,ISAACSON,TODD,M,,Hospital,161352,,False
1003027939,1052468055,ISAACSON,TODD,M,,Hospital,160047,,False
1003027939,1052468055,ISAACSON,TODD,M,,Nursing home,165531,,False
1003027939,1052468055,ISAACSON,TODD,M,,Nursing home,165529,,False
1003027947,0042370561,CHAN,HOI,Y,,Hospital,670103,,False
1003027947,0042370561,CHAN,HOI,Y,,Hospital,450788,,False
1003028051,2163518929,OLENGA,WELO,S,,Hospital,340021,,False
1003028051,2163518929,OLENGA,WELO,S,,Hospital,340171,,False
1003028093,2769532654,BEARD,JULIE,M,,Hospital,160045,,False
1003028093,2769532654,BEARD,JULIE,M,,Hospital,161306,,False
1003028093,2769532654,BEARD,JULIE,M,,Hospital,161303,,False
1003028556,1557554078,HEIDARI,NEDA,,,Home health agency,058366,,False
1003028556,1557554078,HEIDARI,NEDA,,,Hospital,050394,,False
1003028556,1557554078,HEIDARI,NEDA,,,Hospital,050625,,False
1003028556,1557554078,HEIDARI,NEDA,,,Hospital,050082,,False
1003028556,1557554078,HEIDARI,NEDA,,,Hospital,050239,,False
1003028580,9436203809,DE ALBA CAMPOMANES,ALEJANDRA,,,Hospital,050454,,False
1003028812,8729158779,DAWSON,CHRISTOPHER,A,,Hospital,490143,,False
1003028812,8729158779,DAWSON,CHRISTOPHER,A,,Hospital,490052,,False
1003028812,8729158779,DAWSON,CHRISTOPHER,A,,Hospital,490066,,False
1003028812,8729158779,DAWSON,CHRISTOPHER,A,,Hospital,490093,,False
1003028812,8729158779,DAWSON,CHRISTOPHER,A,,Hospital,490041,,False
1003029026,8123173044,KIM,YU HYON,,,Hospital,330059,,False
1003029034,4688726359,BOWEN,JOSEPH,M,,Home health agency,137019,,False
1003029034,4688726359,BOWEN,JOSEPH,M,,Hospital,130049,,False
1003029034,4688726359,BOWEN,JOSEPH,M,,Hospital,131320,,False
1003029125,6204824378,CARTER-KELLY,STACI,L,,Hospital,330250,,False
1003029125,6204824378,CARTER-KELLY,STACI,L,,Hospital,331302,,False
1003029141,2769572817,TROHKIMOINEN,JEFFREY,B,,Hospital,520087,,False
1003029323,4880794015,EVEC,ADAM,,,Hospital,110036,,False
1003029430,6507931904,LEHR,AUSTIN,W,,Hospital,260214,,False
1003029430,6507931904,LEHR,AUSTIN,W,,Hospital,170182,,False
1003029430,6507931904,LEHR,AUSTIN,W,,Hospital,260190,,False
1003029430,6507931904,LEHR,AUSTIN,W,,Hospital,260027,,False
1003029562,6709951981,SWALLOW,NICOLE,A,,Hospital,390256,,False
1003029562,6709951981,SWALLOW,NICOLE,A,,Hospital,390004,,False
1003029620,4284786211,SHILLING,ALFRED,TANNER,,Hospital,490024,,False
1003029620,4284786211,SHILLING,ALFRED,TANNER,,Hospital,330203,,False
1003029620,4284786211,SHILLING,ALFRED,TANNER,,Hospital,330218,,False
1003029620,4284786211,SHILLING,ALFRED,TANNER,,Hospital,070033,,False
1003029620,4284786211,SHILLING,ALFRED,TANNER,,Hospital,070034,,False
1003029828,7012090152,BURRIS,MICHAEL,,,Hospital,450809,,False
1003029836,1759439284,MUELLER,THOMAS,J,,Hospital,310086,,False
1003029836,1759439284,MUELLER,THOMAS,J,,Hospital,310022,,False
1003029836,1759439284,MUELLER,THOMAS,J,,Hospital,310014,,False
1003029836,1759439284,MUELLER,THOMAS,J,,Hospital,310029,,False
1003029836,1759439284,MUELLER,THOMAS,J,,Hospital,310069,,False
1003030040,2163576877,VAN STEYN,MARLO,O,,Hospital,360006,,False
1003030297,1658366422,FOSTER,WENDY,F.,,Hospital,670025,,False
1003030297,1658366422,FOSTER,WENDY,F.,,Hospital,670082,,False
1003030578,0446397756,HUX,FRANK,JOSEPH,,Hospital,250078,,False
1003030586,6608929740,KSHEERSAGAR,PANKAJ,A,,Hospice,221580,,False
1003030586,6608929740,KSHEERSAGAR,PANKAJ,A,,Hospital,220163,,False
1003030586,6608929740,KSHEERSAGAR,PANKAJ,A,,Nursing home,225009,,False
1003030586,6608929740,KSHEERSAGAR,PANKAJ,A,,Nursing home,225242,,False
1003030628,3072601962,WERNIMONT,THOMAS,M,,Hospital,160030,,False
1003030628,3072601962,WERNIMONT,THOMAS,M,,Hospital,160083,,False
1003030685,4486803657,SOBH,MOHAMAD,A,,Hospital,230020,,False
1003030685,4486803657,SOBH,MOHAMAD,A,,Hospital,230244,,False
1003030685,4486803657,SOBH,MOHAMAD,A,,Hospital,230270,,False
1003030685,4486803657,SOBH,MOHAMAD,A,,Hospital,230142,,False
1003030685,4486803657,SOBH,MOHAMAD,A,,Hospital,230053,,False
1003030693,6800984907,MADDOX,WILLIAM,RANDOLPH,,Hospital,010033,,False
1003030750,8123187705,SCHLOESSER,BRETTON,LEE,,Hospital,230156,,False
1003031212,5890830624,KAYALI,FADI,M.,,Hospital,100087,,False
1003031212,5890830624,KAYALI,FADI,M.,,Hospital,100175,,False
1003031212,5890830624,KAYALI,FADI,M.,,Hospital,100299,,False
1003031261,4789819137,RUBRIGHT,JAMES,H,,Hospital,440161,,False
1003031683,5991986994,BLOCK,EVE,,,Hospital,070034,,False
1003031691,0345331203,HALL,WILLIAM,B,,Hospital,340114,,False
1003031691,0345331203,HALL,WILLIAM,B,,Hospital,340090,,False
1003031691,0345331203,HALL,WILLIAM,B,,Hospital,340061,,False
1003031691,0345331203,HALL,WILLIAM,B,,Hospital,340069,,False
1003031691,0345331203,HALL,WILLIAM,B,,Hospital,340147,,False
1003032111,4385888577,GUPTA,VIKAS,,,Hospital,100246,,False
1003032111,4385888577,GUPTA,VIKAS,,,Hospital,100260,,False
1003032202,7214183797,CHOWDHARY,NEHA,,,Hospital,420033,,False
1003032202,7214183797,CHOWDHARY,NEHA,,,Hospital,420037,,False
1003032202,7214183797,CHOWDHARY,NEHA,,,Hospital,420078,,False
1003032202,7214183797,CHOWDHARY,NEHA,,,Hospital,420102,,False
1003032202,7214183797,CHOWDHARY,NEHA,,,Hospital,420015,,False
1003032574,9133290125,LOUKAS,ELIAS,E,,Hospital,300003,,False
1003033119,0749311801,BLANKENHORN,BRAD,,,Hospital,410012,,False
1003033119,0749311801,BLANKENHORN,BRAD,,,Hospital,410007,,False
1003033135,5799843223,CARDWELL,JARED,KENT,,Hospital,110105,,False
1003033184,0749331668,MCNAIRY,MARGARET,L,,Hospital,330101,,False
1003033317,2365519345,MITCHELL,BARRY,MICHAEL,,Hospital,510022,,False
1003033374,0244400505,RANASINGHE,MOKSHA,G,,Hospital,050135,,False
1003033374,0244400505,RANASINGHE,MOKSHA,G,,Hospital,050063,,False
1003033390,1759474927,CAMBI,BRIAN,,,Hospital,070007,,False
1003033390,1759474927,CAMBI,BRIAN,,,Hospital,410013,,False
1003033390,1759474927,CAMBI,BRIAN,,,Hospital,070022,,False
1003033689,7911006218,TRIKHA,RUPAN,,,Hospital,310034,,False
1003034018,3072696574,WILSON CELESTINE,LYSTRA,B,,Hospital,050309,,False
1003034455,0749381754,MESIHA,HANY,SAMIR REZK,,Hospital,390147,,False
1003034455,0749381754,MESIHA,HANY,SAMIR REZK,,Hospital,390184,,False
1003034760,7719954841,GIRON,GLADYS,L,,Hospital,100008,,False
1003034760,7719954841,GIRON,GLADYS,L,,Hospital,100154,,False
1003034810,9537190590,SCHWAIGER,JIM,,,Hospital,431335,,False
1003034810,9537190590,SCHWAIGER,JIM,,,Hospital,431337,,False
1003034828,4486727468,PEDERSEN,TYLER,C,,Hospital,500077,,False
1003034851,2567533961,GUST,AMY,LYNN,,Home health agency,447230,,False
1003034851,2567533961,GUST,AMY,LYNN,,Home health agency,447312,,False
1003034851,2567533961,GUST,AMY,LYNN,,Hospital,440081,,False
1003034851,2567533961,GUST,AMY,LYNN,,Hospital,440015,,False
1003034927,7719172162,BHATIA,SANDEEP,,,Hospital,370089,,False
1003034927,7719172162,BHATIA,SANDEEP,,,Hospital,370057,,False
1003034927,7719172162,BHATIA,SANDEEP,,,Hospital,370183,,False
1003035122,8022184142,CHOI,HAEMI,,,Hospital,140276,,False
1003035338,2365622453,JUMPER,BENJAMIN,J,,Hospital,040088,,False
1003036757,4880787795,SMITH,CYNTHIA,J,,Hospital,380102,,False
1003036997,9436240942,WISE,CHRISTOPHER,,,Hospital,260095,,False
1003036997,9436240942,WISE,CHRISTOPHER,,,Hospital,260096,,False
1003036997,9436240942,WISE,CHRISTOPHER,,,Hospital,170104,,False
1003036997,9436240942,WISE,CHRISTOPHER,,,Hospital,260027,,False
1003037615,7012001852,STONE,JESSICA,A,,Hospital,170040,,False
1003037615,7012001852,STONE,JESSICA,A,,Hospital,170049,,False
1003038043,1759489438,DUCKWORTH,EDWARD,A,,Hospital,130006,,False
1003038043,1759489438,DUCKWORTH,EDWARD,A,,Hospital,130002,,False
1003038043,1759489438,DUCKWORTH,EDWARD,A,,Hospital,130071,,False
1003038167,3577613439,GOLDEN,KIMBERLY,K,,Home health agency,047169,,False
1003038167,3577613439,GOLDEN,KIMBERLY,K,,Hospital,040071,,False
1003038167,3577613439,GOLDEN,KIMBERLY,K,,Hospital,041317,,False
1003038167,3577613439,GOLDEN,KIMBERLY,K,,Hospital,041327,,False
1003038167,3577613439,GOLDEN,KIMBERLY,K,,Nursing home,045377,,False
1003038423,5799836631,GURNSEY,ZACHARIAH,,,Hospital,140148,,False
1003038605,3072687078,SELFE,ROBERT,WARD,,Hospital,230038,,False
1003038688,3870624497,MLYNARCZYK,ELIZABETH,,,Hospital,140290,,False
1003038746,9032374129,TAVES,ADAM,W,,Hospital,260200,,False
1003038746,9032374129,TAVES,ADAM,W,,Hospital,260005,,False
1003038746,9032374129,TAVES,ADAM,W,,Hospital,260104,,False
1003038761,1254574262,DAUER,ELIZABETH,DIANE,,Hospital,390027,,False
1003038860,6406954981,MATIN,AMIN,,,Hospital,050760,,False
1003038860,6406954981,MATIN,AMIN,,,Hospital,050072,,False
1003038977,5597839365,COVINGTON,MICHAEL,,,Hospital,500036,,False
1003039538,0840385712,WOOLLEY,BROOK,A,,Hospital,050760,,False
1003039538,0840385712,WOOLLEY,BROOK,A,,Hospital,050072,,False
1003040106,7618027772,BECK,BRYON,,,Hospital,260108,,False
1003040254,9638312143,SHAH,SAMIT,,,Hospital,330195,,False
1003040254,9638312143,SHAH,SAMIT,,,Hospital,330106,,False
1003040262,4789827858,O BANION,JACQUELYN,A,,Hospital,110079,,False
1003040296,2769632314,PATINO BUELVAS,JORGE,E,,Hospital,430016,,False
1003040353,5991068215,KRAMPITZ,GEOFFREY,,,Hospital,050007,,False
1003040353,5991068215,KRAMPITZ,GEOFFREY,,,Hospital,050113,,False
1003040544,5395971667,VENKATRAMAN,PREETI,,,Hospital,670043,,False
1003040569,6204986938,SIMKINS,JENNIFER,,,Hospital,330078,,False
1003040650,2769538172,MORSE,ROBERT,D,,Hospital,100248,,False
1003040676,7214183615,RESOR,CHARLES,D,,Hospital,220116,,False
1003040940,5698929750,JENTOFT,CHRISTOPHER,K,,Hospital,030084,,False
1003040981,4486788445,SHAH,AKSHAY,V,,Hospital,030038,,False
1003040981,4486788445,SHAH,AKSHAY,V,,Hospital,030087,,False
1003040981,4486788445,SHAH,AKSHAY,V,,Hospital,030014,,False
1003040981,4486788445,SHAH,AKSHAY,V,,Hospital,030123,,False
1003041005,1052568185,COYLE,ANDREW,,,Hospital,390228,,False
1003041054,5395059034,MANN,JASPREET,K,,Hospital,050108,,False
1003041336,9931358173,KOSZTOWSKI,THOMAS,,,Hospital,450634,,False
1003041336,9931358173,KOSZTOWSKI,THOMAS,,,Hospital,450651,,False
1003041336,9931358173,KOSZTOWSKI,THOMAS,,,Hospital,450403,,False
1003041336,9931358173,KOSZTOWSKI,THOMAS,,,Hospital,450891,,False
1003041336,9931358173,KOSZTOWSKI,THOMAS,,,Hospital,450352,,False
1003041443,7012151061,SATPUTE,SHIRISH,,,Hospital,670077,,False
1003041443,7012151061,SATPUTE,SHIRISH,,,Hospital,670122,,False
1003041443,7012151061,SATPUTE,SHIRISH,,,Hospital,450820,,False
1003041443,7012151061,SATPUTE,SHIRISH,,,Hospital,450424,,False
1003041468,4880836089,MOONEY,DEIRDRE,M,,Hospital,500054,,False
1003041468,4880836089,MOONEY,DEIRDRE,M,,Hospital,500002,,False
1003041468,4880836089,MOONEY,DEIRDRE,M,,Hospital,500077,,False
1003041468,4880836089,MOONEY,DEIRDRE,M,,Hospital,501326,,False
1003041468,4880836089,MOONEY,DEIRDRE,M,,Hospital,131327,,False
1003041476,7012164353,LINDGREN,KEVIN,D.,,Hospital,140063,,False
1003041617,1759433188,HARRIS,KIMBERLY,D,,Hospital,230104,,False
1003041625,5496926503,GRAHAM,GEOFFREY,GLEN,,Hospital,260137,,False
1003041641,9436305042,KEEL,BRADLEY,R,,Home health agency,447156,,False
1003041641,9436305042,KEEL,BRADLEY,R,,Hospital,440104,,False
1003041641,9436305042,KEEL,BRADLEY,R,,Hospital,440091,,False
1003041708,6608036645,HILDEBRAND,JAMES,M,,Hospital,200001,,False
1003041708,6608036645,HILDEBRAND,JAMES,M,,Hospital,201312,,False
1003041757,8527357268,BELKIN,NICOLE,S,,Hospital,330267,,False
1003041815,8729132279,CHINTALA,SREEDHAR,,,Hospital,100018,,False
1003041831,0547418238,CARROTHERS,IRENE,A,,Hospital,281360,,False
1003041831,0547418238,CARROTHERS,IRENE,A,,Hospital,261329,,False
1003041849,3870718596,HEITMAN,KIRK,PHILLIP,,Hospital,310048,,False
1003041898,0244380657,MALM,TINA,,,Hospital,500014,,False
1003041930,3971785502,BAIGORRI,BRIAN,F,,Hospital,100167,,False
1003041930,3971785502,BAIGORRI,BRIAN,F,,Hospital,100131,,False
1003041930,3971785502,BAIGORRI,BRIAN,F,,Hospital,100209,,False
1003041930,3971785502,BAIGORRI,BRIAN,F,,Hospital,100228,,False
1003041930,3971785502,BAIGORRI,BRIAN,F,,Hospital,100231,,False
1003041971,3173789138,IRONS,HILLARY,R,,Hospital,220163,,False
1003042060,2668763269,HICKS,REBEKAH,E,,Hospital,300012,,False
1003042169,5698921450,LONIER,JACQUELINE,Y,,Hospital,330101,,False
1003042342,2365582913,TABASSOMI,MOSTAFA,,,Home health agency,058322,,False
1003042342,2365582913,TABASSOMI,MOSTAFA,,,Home health agency,757514,,False
1003042342,2365582913,TABASSOMI,MOSTAFA,,,Hospital,050624,,False
1003042375,7810145638,SCHENFELD,ERIC,,,Hospital,460010,,False
1003042409,8820261571,TEPPARA,NIKHIL,,,Hospital,340014,,False
1003042409,8820261571,TEPPARA,NIKHIL,,,Hospital,340148,,False
1003042474,8224291778,SIEGEL,EMILY,J,,Hospital,050425,,False
1003042490,9234308388,BANERJEE,TRINA,D,,Dialysis facility,312565,,False
1003042490,9234308388,BANERJEE,TRINA,D,,Dialysis facility,312640,,False
1003042490,9234308388,BANERJEE,TRINA,D,,Dialysis facility,312534,,False
1003042490,9234308388,BANERJEE,TRINA,D,,Dialysis facility,312641,,False
1003042490,9234308388,BANERJEE,TRINA,D,,Hospital,310069,,False
1003042490,9234308388,BANERJEE,TRINA,D,,Hospital,310032,,False
1003042490,9234308388,BANERJEE,TRINA,D,,Hospital,390223,,False
1003042490,9234308388,BANERJEE,TRINA,D,,Hospital,310014,,False
1003042516,4486806361,ASLAM,NAGINA,,,Hospital,230047,,False
1003042516,4486806361,ASLAM,NAGINA,,,Hospital,230053,,False
1003042581,2860726247,VERDECIA,DANIA,M,,Home health agency,687125,,False
1003042672,6103096508,VADADA,DEEPAK,,,Hospital,330028,,False
1003042680,4385886761,RILEY,KRISTIN,A,,Hospital,390256,,False
1003042730,7911294087,SMITH,KIMBERLY,,,Hospital,210015,,False
1003042730,7911294087,SMITH,KIMBERLY,,,Hospital,090011,,False
1003042730,7911294087,SMITH,KIMBERLY,,,Hospital,210062,,False
1003042730,7911294087,SMITH,KIMBERLY,,,Hospital,210024,,False
1003042730,7911294087,SMITH,KIMBERLY,,,Hospital,210034,,False
1003042805,9638320682,MOORE,SHIREEN,Q,,Home health agency,117069,,False
1003042805,9638320682,MOORE,SHIREEN,Q,,Hospital,110177,,False
1003042805,9638320682,MOORE,SHIREEN,Q,,Hospital,110028,,False
1003042805,9638320682,MOORE,SHIREEN,Q,,Hospital,110034,,False
1003042805,9638320682,MOORE,SHIREEN,Q,,Hospital,420082,,False
1003042912,8921270471,LUU,MINHTRIET,,,Hospital,160146,,False
1003042912,8921270471,LUU,MINHTRIET,,,Hospital,281362,,False
1003042912,8921270471,LUU,MINHTRIET,,,Hospital,281352,,False
1003042912,8921270471,LUU,MINHTRIET,,,Hospital,281336,,False
1003042912,8921270471,LUU,MINHTRIET,,,Hospital,281301,,False
1003042920,0840417135,AMADI,CHIEMEZIE,C,,Hospital,360085,,False
1003042920,0840417135,AMADI,CHIEMEZIE,C,,Hospital,230046,,False
1003042920,0840417135,AMADI,CHIEMEZIE,C,,Hospital,360242,,False
1003042920,0840417135,AMADI,CHIEMEZIE,C,,Hospital,360039,,False
1003042920,0840417135,AMADI,CHIEMEZIE,C,,Hospital,360040,,False
1003042961,5799831053,WAX,KARLA,D,,Hospital,030036,,False
1003043043,7214082072,MUDDASSIR,KHAWAJA,M,,Hospital,440048,,False
1003043043,7214082072,MUDDASSIR,KHAWAJA,M,,Hospital,440049,,False
1003043043,7214082072,MUDDASSIR,KHAWAJA,M,,Hospital,440002,,False
1003043043,7214082072,MUDDASSIR,KHAWAJA,M,,Hospital,250141,,False
1003043050,2567606221,WALKER,AMANDA,K,,Hospital,230017,,False
1003043167,2466692470,WANG,MARK,,,Hospital,140148,,False
1003043167,2466692470,WANG,MARK,,,Hospital,140135,,False
1003043167,2466692470,WANG,MARK,,,Hospital,140059,,False
1003043167,2466692470,WANG,MARK,,,Hospital,141347,,False
1003043167,2466692470,WANG,MARK,,,Hospital,141339,,False
1003043209,0648424283,AFFEL,MARJORIE,E,,Hospital,330224,,False
1003043324,5698923449,CHEN,YEN-I,GRACE,,Hospital,110035,,False
1003043324,5698923449,CHEN,YEN-I,GRACE,,Hospital,110198,,False
1003043324,5698923449,CHEN,YEN-I,GRACE,,Hospital,110143,,False
1003043324,5698923449,CHEN,YEN-I,GRACE,,Long-term care hospital,112007,,False
1003043423,9931357316,STOUGH,JAMES,DANIEL,,Home health agency,377675,,False
1003043423,9931357316,STOUGH,JAMES,DANIEL,,Hospital,370026,,False
1003043506,1557683828,LEWIS,MATTHEW,W,,Home health agency,257085,,False
1003043506,1557683828,LEWIS,MATTHEW,W,,Hospital,250123,,False
1003043506,1557683828,LEWIS,MATTHEW,W,,Hospital,250040,,False
1003043548,1557528759,RUSSO,ANDREA,L,,Hospital,220071,,False
1003043548,1557528759,RUSSO,ANDREA,L,,Hospital,220110,,False
1003043555,9739345810,ORLOSKY,JULIE,L,,Hospital,390042,,False
1003043571,3072775790,SISE,MEGHAN,E,,Hospital,220071,,False
1003043571,3072775790,SISE,MEGHAN,E,,Hospital,220035,,False
1003043571,3072775790,SISE,MEGHAN,E,,Hospital,220110,,False
1003043621,4789908278,LINDSAY,ALTHEA,,,Hospital,330106,,False
1003043746,4183889686,TOUHEY,JASON,G,,Hospital,220046,,False
1003043746,4183889686,TOUHEY,JASON,G,,Hospital,221304,,False
1003043787,6709030679,ANUSIONWU,NGOZIKA,UGONWA,,Hospital,180035,,False
1003043787,6709030679,ANUSIONWU,NGOZIKA,UGONWA,,Hospital,180001,,False
1003043837,7315258175,MEYER,BENJAMIN,,,Hospital,150005,,False
1003043837,7315258175,MEYER,BENJAMIN,,,Hospital,151333,,False
1003043837,7315258175,MEYER,BENJAMIN,,,Hospital,151317,,False
1003043837,7315258175,MEYER,BENJAMIN,,,Hospital,150183,,False
1003043902,6305064973,FARAG,ALEXANDER,AKRAM,,Hospital,100088,,False
1003043902,6305064973,FARAG,ALEXANDER,AKRAM,,Hospital,100117,,False
1003043985,4385865211,ALTOOS,ROLA,ATIYAH,,Hospital,100007,,False
1003043985,4385865211,ALTOOS,ROLA,ATIYAH,,Hospital,100068,,False
1003043985,4385865211,ALTOOS,ROLA,ATIYAH,,Hospital,100057,,False
1003043985,4385865211,ALTOOS,ROLA,ATIYAH,,Hospital,100118,,False
1003043985,4385865211,ALTOOS,ROLA,ATIYAH,,Hospital,100045,,False
1003044017,7315174570,URALIL,SHARON,,,Hospital,330214,,False
1003044033,6800018250,BENSON,CHARLES,DANIEL,,Home health agency,447312,,False
1003044033,6800018250,BENSON,CHARLES,DANIEL,,Hospital,440120,,False
1003044033,6800018250,BENSON,CHARLES,DANIEL,,Hospital,440011,,False
1003044199,9830346345,HESS,BENJAMIN,R,,Home health agency,117105,,False
1003044199,9830346345,HESS,BENJAMIN,R,,Home health agency,117045,,False
1003044199,9830346345,HESS,BENJAMIN,R,,Home health agency,117137,,False
1003044199,9830346345,HESS,BENJAMIN,R,,Home health agency,117306,,False
1003044199,9830346345,HESS,BENJAMIN,R,,Hospital,110031,,False
1003044199,9830346345,HESS,BENJAMIN,R,,Hospital,110215,,False
1003044231,8123340528,KNOX,CAROLINE,KELSEY,,Hospital,340002,,False
1003044256,4880813617,FAVREAU,STEPHANIE,PAOLA,,Hospital,410012,,False
1003044256,4880813617,FAVREAU,STEPHANIE,PAOLA,,Hospital,410009,,False
1003044256,4880813617,FAVREAU,STEPHANIE,PAOLA,,Hospital,410007,,False
1003044322,7214228014,GAFFORD,CASSIDY,ANN,,Hospital,450352,,False
1003044462,9234362633,CARSON,ROBERT,F,,Hospital,230227,,False
1003044488,8426206863,CHAMBERLIN,MARSHALL,R,,Hospital,200009,,False
1003044538,0547577132,SCHIFFMAN,SCOTT,,,Hospital,330057,,False
1003044538,0547577132,SCHIFFMAN,SCOTT,,,Hospital,330180,,False
1003044538,0547577132,SCHIFFMAN,SCOTT,,,Hospital,330153,,False
1003044538,0547577132,SCHIFFMAN,SCOTT,,,Hospital,330406,,False
1003044678,7911144514,AUSTIN,AMANDA,E,,Hospital,010029,,False
1003044694,2163656232,WILSON,LINDSAY,,,Hospice,491542,,False
1003044694,2163656232,WILSON,LINDSAY,,,Hospice,441558,,False
1003044694,2163656232,WILSON,LINDSAY,,,Hospital,490053,,False
1003044694,2163656232,WILSON,LINDSAY,,,Hospital,490002,,False
1003044694,2163656232,WILSON,LINDSAY,,,Hospital,490038,,False
1003044702,1153643390,MITTAL,MAYANK,K,,Hospital,150058,,False
1003044702,1153643390,MITTAL,MAYANK,K,,Hospital,150006,,False
1003044728,3072769645,EDMONDS,KYLE,P,,Hospital,050025,,False
1003044793,1254642218,SINGH,ABHISHEK,,,Hospital,160079,,False
1003044819,6103066543,NORBET,CHRISTOPHER,,,Hospital,340113,,False
1003044819,6103066543,NORBET,CHRISTOPHER,,,Hospital,340098,,False
1003044819,6103066543,NORBET,CHRISTOPHER,,,Hospital,340001,,False
1003044819,6103066543,NORBET,CHRISTOPHER,,,Hospital,340130,,False
1003044819,6103066543,NORBET,CHRISTOPHER,,,Hospital,340021,,False
1003044876,5698923944,TRENKLE,GEOFFREY,BARRETT,,Hospital,050103,,False
1003044876,5698923944,TRENKLE,GEOFFREY,BARRETT,,Hospital,050438,,False
1003044876,5698923944,TRENKLE,GEOFFREY,BARRETT,,Hospital,050135,,False
1003044876,5698923944,TRENKLE,GEOFFREY,BARRETT,,Hospital,050104,,False
1003044934,8729244462,METZGER,DAVID,B,,Hospital,390067,,False
1003044975,3779898085,DEFOE,ADAM,JOHN,,Hospital,350070,,False
1003044975,3779898085,DEFOE,ADAM,JOHN,,Hospital,240101,,False
1003044975,3779898085,DEFOE,ADAM,JOHN,,Hospital,241357,,False
1003045006,6709062581,LABRECQUE,ABBY,L,,Hospital,200009,,False
1003045014,1658505391,REEVES,WENDY,S,,Hospital,280061,,False
1003045014,1658505391,REEVES,WENDY,S,,Hospital,281358,,False
1003045022,5890926059,DONAHUE,ARTHUR,H,,Hospital,060014,,False
1003045022,5890926059,DONAHUE,ARTHUR,H,,Hospital,270017,,False
1003045022,5890926059,DONAHUE,ARTHUR,H,,Hospital,420072,,False
1003045022,5890926059,DONAHUE,ARTHUR,H,,Hospital,060065,,False
1003045022,5890926059,DONAHUE,ARTHUR,H,,Hospital,060004,,False
1003045071,4688830193,LONG,TIMOTHY,RICHARD,,Hospital,140200,,False
1003045097,0840500906,KIM,ELIJAH,,,Hospital,100087,,False
1003045097,0840500906,KIM,ELIJAH,,,Hospital,110087,,False
1003045139,4082750237,CARNAHAN,ADRIENNE,L,,Hospital,390339,,False
1003045139,4082750237,CARNAHAN,ADRIENNE,L,,Hospital,390225,,False
1003045139,4082750237,CARNAHAN,ADRIENNE,L,,Hospital,390100,,False
1003045139,4082750237,CARNAHAN,ADRIENNE,L,,Hospital,390096,,False
1003045220,8325294150,SOHAL,JASLEEN,K,,Hospital,050180,,False
1003045220,8325294150,SOHAL,JASLEEN,K,,Hospital,050496,,False
1003045386,8729206701,DIPASQUALE,ALLISON,,,Hospital,450647,,False
1003045386,8729206701,DIPASQUALE,ALLISON,,,Hospital,450651,,False
1003045386,8729206701,DIPASQUALE,ALLISON,,,Hospital,450403,,False
1003045410,0345383048,HOLLOWAY,PATSY,LENAN,,Hospital,251316,,False
1003045519,4385944149,HUNTER,JUANITA,A,,Hospital,100022,,False
1003045543,8426104597,WHEELER,DIANE,E,,Hospital,500064,,False
1003045634,9133432230,KINNUCAN,JAMI,A,,Hospital,100151,,False
1003045683,9133348972,TILESTON,KALI,R,,Hospital,050038,,False
1003045709,9537310081,PHAM,VICTOR,NGUYEN,,Hospital,030092,,False
1003045790,6002062452,DEWS,ADRIAN,CARLO,SR.,Hospital,490017,,False
1003045808,8527313733,HARIHARAN,APARNA,,,Hospital,230151,,False
1003045808,8527313733,HARIHARAN,APARNA,,,Hospital,230020,,False
1003045915,0941470918,GRAY,MICHAEL,,,Hospital,050224,,False
1003046004,3072795087,CAPARSO,AMANDA,M,,Hospice,A11609,,False
1003046004,3072795087,CAPARSO,AMANDA,M,,Hospital,050115,,False
1003046004,3072795087,CAPARSO,AMANDA,M,,Hospital,050636,,False
1003046129,1153475256,SWANN,SARA,E,,Hospital,110006,,False
1003046228,3476690785,SMITH,ALISSA,D,,Hospital,140148,,False
1003046285,9234431768,PERVEEN,SHABANA,,,Hospital,490107,,False
1003046285,9234431768,PERVEEN,SHABANA,,,Hospital,490050,,False
1003046525,5698996262,LOPEZ,ENRIQUE,P,,Hospital,110007,,False
1003046574,7315178928,METZ,TERRENCE,,,Hospital,230130,,False
1003046574,7315178928,METZ,TERRENCE,,,Hospital,230269,,False
1003046574,7315178928,METZ,TERRENCE,,,Hospital,230089,,False
1003046624,4880843390,TAN,THEODORE CONRAD,,,Home health agency,087301,,False
1003046624,4880843390,TAN,THEODORE CONRAD,,,Home health agency,087024,,False
1003046624,4880843390,TAN,THEODORE CONRAD,,,Hospital,080004,,False
1003046624,4880843390,TAN,THEODORE CONRAD,,,Hospital,080009,,False
1003046780,6608922901,HEWITT,CHELSEA,WALTON,,Hospital,510013,,False
1003046780,6608922901,HEWITT,CHELSEA,WALTON,,Hospital,510050,,False
1003046806,6406161363,POLLONO,EDUARDO,N.,,Hospital,450213,,False
1003046806,6406161363,POLLONO,EDUARDO,N.,,Hospital,670335,,False
1003046806,6406161363,POLLONO,EDUARDO,N.,,Hospital,450058,,False
1003046889,0547418501,PAPATHANASIOU,VASILIKI,,,Home health agency,427045,,False
1003046889,0547418501,PAPATHANASIOU,VASILIKI,,,Home health agency,427112,,False
1003046889,0547418501,PAPATHANASIOU,VASILIKI,,,Hospital,420051,,False
1003046889,0547418501,PAPATHANASIOU,VASILIKI,,,Hospital,420105,,False
1003046889,0547418501,PAPATHANASIOU,VASILIKI,,,Hospital,420085,,False
1003046889,0547418501,PAPATHANASIOU,VASILIKI,,,Hospital,420049,,False
1003046962,7012134992,PANCRUDO,JACKLYN,R,,Hospice,441501,,False
1003046962,7012134992,PANCRUDO,JACKLYN,R,,Hospital,440006,,False
1003046996,7719025501,MCLAIN,MICHAELA,A,,Hospital,240001,,False
1003047218,1153477096,KANTOR,DIANA,,,Home health agency,337008,,False
1003047267,2860664455,KENNEDY,RAELENE,D,,Hospital,140063,,False
1003047283,9335273853,JOSHI,HEIDI,JOY,,Hospital,230046,,False
1003047515,3779724232,ALAS,ALEXANDRIAH,,,Hospital,050283,,False
1003047515,3779724232,ALAS,ALEXANDRIAH,,,Hospital,050441,,False
1003047564,6507015542,MURUKESAN,VIDHYA,,,Hospital,360234,,False
1003047564,6507015542,MURUKESAN,VIDHYA,,,Hospital,360236,,False
1003047788,0941356521,ROWE,MELISSA,J,,Hospital,470012,,False
1003047804,8325366396,FUNDERBURK,CANDACE,,,Hospital,190111,,False
1003047820,8123165313,MAHON,MELISSA,,,Hospital,161356,,False
1003047820,8123165313,MAHON,MELISSA,,,Hospital,160057,,False
1003047820,8123165313,MAHON,MELISSA,,,Hospital,161358,,False
1003047960,1052446572,CHIN,KEVIN,M,,Home health agency,277032,,False
1003047960,1052446572,CHIN,KEVIN,M,,Hospital,270014,,False
1003048026,0143498543,PROVENCE,BRETT,A,,Hospital,050723,,False
1003048117,8729215157,AGHA,HAIDR,,,Dialysis facility,492517,,False
1003048117,8729215157,AGHA,HAIDR,,,Dialysis facility,492669,,False
1003048117,8729215157,AGHA,HAIDR,,,Hospital,490057,,False
1003048117,8729215157,AGHA,HAIDR,,,Hospital,490119,,False
1003048117,8729215157,AGHA,HAIDR,,,Hospital,490007,,False
1003048141,3375994783,HENNESSEY,CAROLYN,ANN,,Hospital,380050,,False
1003048430,2668822941,WEBER,TROY,ROBERT,,Hospital,240036,,False
1003048638,1759635063,REYNOLDS,NICOLE,N,,Hospital,330154,,False
1003048687,9436300514,KOLLU,VIDYA,SAGAR,,Home health agency,687152,,False
1003048687,9436300514,KOLLU,VIDYA,SAGAR,,Hospital,100062,,False
1003048687,9436300514,KOLLU,VIDYA,SAGAR,,Hospital,100204,,False
1003048745,8325291073,GREWAL,PUNEET,DHILLON,,Hospital,140133,,False
1003048745,8325291073,GREWAL,PUNEET,DHILLON,,Hospital,140208,,False
1003048810,6002953361,HUDDLESTON,PATRICIA,M,,Hospital,440125,,False
1003048810,6002953361,HUDDLESTON,PATRICIA,M,,Hospital,440081,,False
1003048810,6002953361,HUDDLESTON,PATRICIA,M,,Hospital,440173,,False
1003048810,6002953361,HUDDLESTON,PATRICIA,M,,Hospital,440110,,False
1003048943,2163310251,HARRISON,LONNIE,E,,Hospital,040084,,False
1003048976,4587812185,SMITH,ZACHARY,L,,Hospital,520177,,False
1003049123,2466696778,YANG,LIMEI,,,Hospital,370094,,False
1003049123,2466696778,YANG,LIMEI,,,Hospital,370028,,False
1003049123,2466696778,YANG,LIMEI,,,Hospital,370149,,False
1003049164,5698813194,HALL,JEFFREY,R,,Hospital,230038,,False
1003049248,0547497711,TAFOYA,RUDY,A,,Hospital,320001,,False
1003049289,7315251469,PEREZ RAMIREZ,REYNERIO,E,,Hospital,400019,,False
1003049289,7315251469,PEREZ RAMIREZ,REYNERIO,E,,Hospital,400001,,False
1003049289,7315251469,PEREZ RAMIREZ,REYNERIO,E,,Hospital,400016,,False
1003049503,7719125202,ESCORCIA DE LEON,MARIA,,,Hospital,390027,,False
1003049610,5092036913,DRAMES,THOMAS,R,,Hospital,390258,,False
1003049610,5092036913,DRAMES,THOMAS,R,,Hospital,390204,,False
1003049867,2860768546,MATHEW-SHAJI,ANITHA,SARA,,Hospital,330106,,False
1003049867,2860768546,MATHEW-SHAJI,ANITHA,SARA,,Hospital,330181,,False
1003049925,9638327448,BEST,DAWN,D,,Hospital,130007,,False
1003049925,9638327448,BEST,DAWN,D,,Hospital,131311,,False
1003049925,9638327448,BEST,DAWN,D,,Hospital,130006,,False
1003049966,7719104512,DHORAJIA,GIRISHKUMAR,V,,Hospital,140127,,False
1003050154,4082841333,CARLSON,HANS,T,,Hospital,420023,,False
1003050204,8921283490,KHADAVI,MICHAEL,J,,Hospital,170188,,False
1003050204,8921283490,KHADAVI,MICHAEL,J,,Hospital,170104,,False
1003050261,0749326239,SAKAKIHARA-CHAVARRIA,ARTHUR,R,,Hospital,271339,,False
1003050261,0749326239,SAKAKIHARA-CHAVARRIA,ARTHUR,R,,Hospital,431383,,False
1003050303,7416175229,CHENG,HONG,,,Hospital,310001,,False
1003050303,7416175229,CHENG,HONG,,,Hospital,310073,,False
1003050337,2860648201,SMITH,VALAREE,,,Hospice,101507,,False
1003050337,2860648201,SMITH,VALAREE,,,Hospice,101525,,False
1003050337,2860648201,SMITH,VALAREE,,,Hospice,101516,,False
1003050337,2860648201,SMITH,VALAREE,,,Hospice,101511,,False
1003050337,2860648201,SMITH,VALAREE,,,Hospice,101550,,False
1003050493,1153567730,AUSCHWITZ,TYLER,,,Hospital,370114,,False
1003050493,1153567730,AUSCHWITZ,TYLER,,,Hospital,370018,,False
1003050493,1153567730,AUSCHWITZ,TYLER,,,Hospital,171387,,False
1003050493,1153567730,AUSCHWITZ,TYLER,,,Hospital,370227,,False
1003050519,1355497058,LOPES,MELISSA,,,Hospital,310015,,False
1003050535,1658594494,STOLZENBERG,DAVID,S,,Hospital,390324,,False
1003050535,1658594494,STOLZENBERG,DAVID,S,,Hospital,390127,,False
1003050535,1658594494,STOLZENBERG,DAVID,S,,Hospital,390153,,False
1003050535,1658594494,STOLZENBERG,DAVID,S,,Hospital,390123,,False
1003050535,1658594494,STOLZENBERG,DAVID,S,,Hospital,390133,,False
1003050642,4284872730,BI,WENYA,LINDA,,Home health agency,227207,,False
1003050642,4284872730,BI,WENYA,LINDA,,Hospital,220110,,False
1003050642,4284872730,BI,WENYA,LINDA,,Hospital,220162,,False
1003050642,4284872730,BI,WENYA,LINDA,,Hospital,220100,,False
1003050642,4284872730,BI,WENYA,LINDA,,Hospital,220119,,False
1003050691,6305088428,SHROFF,STUTI,,,Hospital,220071,,False
1003050691,6305088428,SHROFF,STUTI,,,Hospital,221300,,False
1003050691,6305088428,SHROFF,STUTI,,,Hospital,220177,,False
1003050782,7911057070,GHELECHKHANI,ANA,M,,Hospital,210057,,False
1003050782,7911057070,GHELECHKHANI,ANA,M,,Nursing home,335283,,False
1003050899,5092962381,HINDERLAND,MATTHEW,DIEHL,,Hospital,060133,,False
1003050915,2466779111,DIETRICH-MCLEAN,MARSHA,S,,Hospital,390063,,False
1003050972,5698065472,LENTZ,ROBERT,JAMES,,Hospital,440039,,False
1003051087,7517137862,ZAMAN,SELINA,S,,Hospital,330195,,False
1003051087,7517137862,ZAMAN,SELINA,S,,Hospital,330128,,False
1003051251,5890849822,OLLER,HELEN,S,,Hospital,030013,,False
1003051251,5890849822,OLLER,HELEN,S,,Inpatient rehabilitation facility,033034,,False
1003051269,7618199126,MCQUITTY,ELIZABETH,B,,Hospital,380014,,False
1003051269,7618199126,MCQUITTY,ELIZABETH,B,,Hospital,381314,,False
1003051269,7618199126,MCQUITTY,ELIZABETH,B,,Hospital,380022,,False
1003051269,7618199126,MCQUITTY,ELIZABETH,B,,Hospital,381302,,False
1003051269,7618199126,MCQUITTY,ELIZABETH,B,,Hospital,381323,,False
1003051418,6800083221,CROSSMAN,MOLLY,,,Hospital,340115,,False
1003051715,2264675180,FADELL,FRANCOIS,A,,Hospital,330078,,False
1003051871,1052562535,POPALZAI,MUHAMMAD,J,,Hospital,140164,,False
1003051871,1052562535,POPALZAI,MUHAMMAD,J,,Hospital,140011,,False
1003051871,1052562535,POPALZAI,MUHAMMAD,J,,Hospital,140210,,False
1003051871,1052562535,POPALZAI,MUHAMMAD,J,,Hospital,141334,,False
1003052143,6002971926,KRANZ,CHRISTIAN,M,,Hospital,180051,,False
1003052150,5890849848,RODNEY,SIMI,SUSAN,,Home health agency,147000,,False
1003052150,5890849848,RODNEY,SIMI,SUSAN,,Hospital,140029,,False
1003052218,1456415181,FERGUSON,MELANIE,A,,Hospital,240213,,False
1003052515,9537218235,WESLEY,MELISSA,T,,Hospital,360056,,False
1003052739,3678799483,TRAN,NGOC TRAM,G,,Dialysis facility,752542,,False
1003052739,3678799483,TRAN,NGOC TRAM,G,,Dialysis facility,052523,,False
1003052739,3678799483,TRAN,NGOC TRAM,G,,Dialysis facility,052590,,False
1003052739,3678799483,TRAN,NGOC TRAM,G,,Dialysis facility,052687,,False
1003052739,3678799483,TRAN,NGOC TRAM,G,,Hospital,050485,,False
1003052739,3678799483,TRAN,NGOC TRAM,G,,Hospital,050468,,False
1003052739,3678799483,TRAN,NGOC TRAM,G,,Hospital,050191,,False
1003052739,3678799483,TRAN,NGOC TRAM,G,,Hospital,050104,,False
1003052788,3173715141,ANESI,STEPHEN,D,,Hospital,220075,,False
1003052788,3173715141,ANESI,STEPHEN,D,,Hospital,220116,,False
1003052788,3173715141,ANESI,STEPHEN,D,,Hospital,220074,,False
1003052945,1850553561,GUPTA,CHHAVI,,,Dialysis facility,102605,,False
1003052945,1850553561,GUPTA,CHHAVI,,,Dialysis facility,102885,,False
1003052945,1850553561,GUPTA,CHHAVI,,,Hospital,100075,,False
1003053240,2062578388,FREEMAN,RACHEL,T,,Hospital,330154,,False
1003053364,9234369109,DEGUZMAN-JAVIER,GERALDINE,,,Hospital,330304,,False
1003053422,9931264694,MEGUERIAN,NANAR,,,Hospital,220049,,False
1003053554,0042377285,HUMER,DANIEL,R,,Hospital,060100,,False
1003053554,0042377285,HUMER,DANIEL,R,,Hospital,060112,,False
1003053828,5294905030,MCGEE,WILLIAM,RALSTON,II,Home health agency,297256,,False
1003053828,5294905030,MCGEE,WILLIAM,RALSTON,II,Hospital,290046,,False
1003053851,1658567524,JENG,AARON,I,,Home health agency,559259,,False
1003053851,1658567524,JENG,AARON,I,,Home health agency,059346,,False
1003053851,1658567524,JENG,AARON,I,,Hospice,B51745,,False
1003053851,1658567524,JENG,AARON,I,,Hospice,A11634,,False
1003053851,1658567524,JENG,AARON,I,,Hospice,A11538,,False
1003053851,1658567524,JENG,AARON,I,,Hospital,050124,,False
1003053851,1658567524,JENG,AARON,I,,Nursing home,555045,,False
1003053851,1658567524,JENG,AARON,I,,Nursing home,055523,,False
1003053901,9739235532,PERRY,KYLE,DAVID,,Hospital,230046,,False
1003054214,1951538552,ATANASSOV,KRASSIMIR,D,,Hospital,330160,,False
1003054248,3779629233,YAVUZ,SAHZENE,,,Hospital,390079,,False
1003054248,3779629233,YAVUZ,SAHZENE,,,Hospital,330277,,False
1003054248,3779629233,YAVUZ,SAHZENE,,,Hospital,391305,,False
1003054248,3779629233,YAVUZ,SAHZENE,,,Hospital,330011,,False
1003054263,2860829132,IOVINELLI,JENNIFER,L,,Hospital,330153,,False
1003054305,0648337634,MAHER,LISA,L,,Hospital,160110,,False
1003054305,0648337634,MAHER,LISA,L,,Hospital,161316,,False
1003054305,0648337634,MAHER,LISA,L,,Hospital,161339,,False
1003054305,0648337634,MAHER,LISA,L,,Hospital,161335,,False
1003054305,0648337634,MAHER,LISA,L,,Hospital,161303,,False
1003054347,4183771355,WOOLSEY,CHERYL,,,Hospital,260108,,False
1003054586,4880759745,BALLISTER,MICHELE,,,Hospital,200033,,False
1003054586,4880759745,BALLISTER,MICHELE,,,Hospital,110031,,False
1003054966,0042474470,BAQAI,AISHA,,,Hospital,330154,,False
1003055005,8820113715,SMITH,STEPHANIE,D,,Hospital,250058,,False
1003055021,0941353007,SINGH,GAGANDEEP,,,Hospice,071543,,False
1003055021,0941353007,SINGH,GAGANDEEP,,,Hospice,071507,,False
1003055021,0941353007,SINGH,GAGANDEEP,,,Hospice,071537,,False
1003055021,0941353007,SINGH,GAGANDEEP,,,Hospice,071520,,False
1003055021,0941353007,SINGH,GAGANDEEP,,,Hospital,070027,,False
1003055021,0941353007,SINGH,GAGANDEEP,,,Hospital,070002,,False
1003055021,0941353007,SINGH,GAGANDEEP,,,Hospital,070008,,False
1003055021,0941353007,SINGH,GAGANDEEP,,,Nursing home,075367,,False
1003055021,0941353007,SINGH,GAGANDEEP,,,Nursing home,075044,,False
1003055021,0941353007,SINGH,GAGANDEEP,,,Nursing home,075264,,False
1003055021,0941353007,SINGH,GAGANDEEP,,,Nursing home,075314,,False
1003055021,0941353007,SINGH,GAGANDEEP,,,Nursing home,075085,,False
1003055088,3173648318,BARNETT,TANEISHA,C,,Hospital,340032,,False
1003055179,8628125168,NUYLES,MICHAEL,R,,Hospital,140288,,False
1003055179,8628125168,NUYLES,MICHAEL,R,,Hospital,140029,,False
1003055179,8628125168,NUYLES,MICHAEL,R,,Hospital,140174,,False
1003055179,8628125168,NUYLES,MICHAEL,R,,Hospital,140211,,False
1003055252,0547418766,DIMITRIJEVIC,OLIVER,,,Hospital,530012,,False
1003055252,0547418766,DIMITRIJEVIC,OLIVER,,,Hospital,060020,,False
1003055252,0547418766,DIMITRIJEVIC,OLIVER,,,Hospital,530008,,False
1003055302,3678799129,ALQWASMI,ABDEL HAI,,,Home health agency,527083,,False
1003055302,3678799129,ALQWASMI,ABDEL HAI,,,Hospital,520177,,False
1003055302,3678799129,ALQWASMI,ABDEL HAI,,,Hospital,520103,,False
1003055302,3678799129,ALQWASMI,ABDEL HAI,,,Hospital,520063,,False
1003055302,3678799129,ALQWASMI,ABDEL HAI,,,Hospital,520213,,False
1003055575,4981737954,ROGERS,ANITA,E,,Hospital,340132,,False
1003055591,7315097417,SLACK,BLAKE,R,,Hospital,220071,,False
1003055617,8527113281,RAULS,RACHEL,,,Hospital,250040,,False
1003055617,8527113281,RAULS,RACHEL,,,Hospital,250123,,False
1003055666,2769549484,MILLER,JUSTIN,,,Hospital,230038,,False
1003055815,2668520586,RINGERS,DEREK,,,Hospital,271336,,False
1003055815,2668520586,RINGERS,DEREK,,,Hospital,270051,,False
1003055971,6002064862,ASHBY,CASEY,T,,Hospital,230017,,False
1003055971,6002064862,ASHBY,CASEY,T,,Hospital,230117,,False
1003055971,6002064862,ASHBY,CASEY,T,,Hospital,230075,,False
1003056227,1355492794,LUJERO,EMMANUEL,J,,Hospital,240010,,False
1003056284,2264581438,HRYNISZYN,EWA,,,Hospital,220163,,False
1003056300,4880841857,FUJIKI,MASATO,,,Hospital,360180,,False
1003056524,5597880351,APAGA,ELMER,L,,Hospital,390002,,False
1003056524,5597880351,APAGA,ELMER,L,,Hospital,390267,,False
1003056524,5597880351,APAGA,ELMER,L,,Hospital,390328,,False
1003056524,5597880351,APAGA,ELMER,L,,Hospital,390265,,False
1003056524,5597880351,APAGA,ELMER,L,,Hospital,390164,,False
1003056755,7911123443,EDELSTEIN,TRAVIS,H,,Hospital,100088,,False
1003056755,7911123443,EDELSTEIN,TRAVIS,H,,Hospital,100117,,False
1003056755,7911123443,EDELSTEIN,TRAVIS,H,,Hospital,100179,,False
1003056755,7911123443,EDELSTEIN,TRAVIS,H,,Hospital,110003,,False
1003056755,7911123443,EDELSTEIN,TRAVIS,H,,Hospital,100140,,False
1003056995,6901951219,NGUYEN,THIENDANG,V,,Hospital,050159,,False
1003057068,4284816067,COX,ALAN,LEE,,Hospice,441534,,False
1003057068,4284816067,COX,ALAN,LEE,,Nursing home,445242,,False
1003057068,4284816067,COX,ALAN,LEE,,Nursing home,445424,,False
1003057068,4284816067,COX,ALAN,LEE,,Nursing home,445291,,False
1003057076,7113222100,GAUTREAUX,JEANNE,NICOLE,,Hospital,190020,,False
1003057118,2668520354,BLOMBERG,GRAYSON,W,,Hospital,240057,,False
1003057118,2668520354,BLOMBERG,GRAYSON,W,,Hospital,240214,,False
1003057126,7012068737,LESNIK,HEATHER,M,,Hospital,500005,,False
1003057167,4981751302,JONES,SARA,A,,Hospital,440015,,False
1003057266,4486898103,PILLAI,SAILA,,,Hospital,360180,,False
1003057274,4385798891,ECHEVERRIA,JUAN CARLOS,,,Hospital,050686,,False
1003057274,4385798891,ECHEVERRIA,JUAN CARLOS,,,Hospital,050765,,False
1003057316,2961674387,KOH,STEPHEN,S,,Hospital,050609,,False
1003057381,1658417076,ANDERSON,AARON,D,,Hospital,500036,,False
1003057381,1658417076,ANDERSON,AARON,D,,Hospital,500037,,False
1003057621,6002966355,JACKSON,KIERNEY,E,,Hospital,110074,,False
1003057670,6002967429,HINKLE,JENNIFER,,,Hospital,370093,,False
1003057670,6002967429,HINKLE,JENNIFER,,,Hospital,370056,,False
1003057670,6002967429,HINKLE,JENNIFER,,,Hospital,370234,,False
1003057670,6002967429,HINKLE,JENNIFER,,,Hospital,370008,,False
1003057670,6002967429,HINKLE,JENNIFER,,,Hospital,370149,,False
1003057779,5496806523,SIEMINSKI,MARK,,,Hospital,330005,,False
1003057886,2567834872,ROLESON,RYAN,SCOTT,,Hospital,050054,,False
1003057902,5496891269,RAGHAVAN,ARCHANA,V,,Hospital,450804,,False
1003058074,7517192917,EL ZEIN,LAMA,,,Hospital,310108,,False
1003058157,4981848231,ABDELERAHMAN,KADER,T,,Hospital,320074,,False
1003058157,4981848231,ABDELERAHMAN,KADER,T,,Hospital,320009,,False
1003058157,4981848231,ABDELERAHMAN,KADER,T,,Hospital,320017,,False
1003058157,4981848231,ABDELERAHMAN,KADER,T,,Hospital,320021,,False
1003058157,4981848231,ABDELERAHMAN,KADER,T,,Inpatient rehabilitation facility,323028,,False
1003058173,5597997437,KAPALIS,MATTHEW,J,,Hospital,280003,,False
1003058173,5597997437,KAPALIS,MATTHEW,J,,Hospital,280139,,False
1003058173,5597997437,KAPALIS,MATTHEW,J,,Hospital,280032,,False
1003058173,5597997437,KAPALIS,MATTHEW,J,,Hospital,281364,,False
1003058173,5597997437,KAPALIS,MATTHEW,J,,Hospital,281354,,False
1003058264,9537388814,BONAVIA,ANTHONY,,,Hospital,390256,,False
1003058322,2769538362,CHANG,JENNIFER,C,,Hospital,150069,,False
1003058330,4981744083,CASTRO,MADELINE,D,,Hospital,100277,,False
1003058454,7416004122,DEAFENBAUGH,LUANN,,,Hospital,150133,,False
1003058496,3577780535,EGGERT,DAVID,CHARLES,,Hospital,240056,,False
1003058520,1052538535,ARMSTRONG,ROBERT,STEVEN,,Hospital,330279,,False
1003058520,1052538535,ARMSTRONG,ROBERT,STEVEN,,Hospital,330078,,False
1003058546,5890937940,KIELEY,SAMUEL,B,,Hospital,050107,,False
1003058546,5890937940,KIELEY,SAMUEL,B,,Hospital,050232,,False
1003058546,5890937940,KIELEY,SAMUEL,B,,Hospital,050110,,False
1003058660,6608183298,SHI,GLENN,G,,Hospital,100151,,False
1003058736,5294919437,MCCORMICK,ANGELA,C,,Hospital,140200,,False
1003058942,4880836998,TAHER,HAJERA,,,Hospital,140217,,False
1003058942,4880836998,TAHER,HAJERA,,,Hospital,140228,,False
1003058991,7719131622,BUTLER,BRIAN,R,,Hospital,050077,,False
1003059031,0244638278,KOCINSKI,RHONDA,,,Home health agency,368264,,False
1003059031,0244638278,KOCINSKI,RHONDA,,,Nursing home,366045,,False
1003059114,3173755907,KALRA,RICKY,R,,Hospital,670265,,False
1003059114,3173755907,KALRA,RICKY,R,,Hospital,670090,,False
1003059114,3173755907,KALRA,RICKY,R,,Inpatient rehabilitation facility,453036,,False
1003059197,8325185838,EGRISELASHVILI,ANNA,,,Hospital,360230,,False
1003059197,8325185838,EGRISELASHVILI,ANNA,,,Hospital,360143,,False
1003059197,8325185838,EGRISELASHVILI,ANNA,,,Hospital,360180,,False
1003059197,8325185838,EGRISELASHVILI,ANNA,,,Hospital,360125,,False
1003059239,4082878061,DICKSTEIN,AARON,M.,,Hospital,220012,,False
1003059239,4082878061,DICKSTEIN,AARON,M.,,Hospital,220135,,False
1003059288,5890015135,MARTINEZ,DON,,,Hospital,140062,,False
1003059288,5890015135,MARTINEZ,DON,,,Hospital,140242,,False
1003059312,1153470497,UDANI,SARA,,,Home health agency,109689,,False
1003059312,1153470497,UDANI,SARA,,,Home health agency,107572,,False
1003059312,1153470497,UDANI,SARA,,,Home health agency,687173,,False
1003059338,5890825038,GOLETTE-LEWIS,MONTIA,L,,Hospital,210051,,False
1003059379,9335365634,BLONDET-TEIXEIRA,JUAN,J,,Hospital,240038,,False
1003059379,9335365634,BLONDET-TEIXEIRA,JUAN,J,,Hospital,240057,,False
1003059403,0042469520,EDWARDS,RICHARD,E,,Home health agency,197039,,False
1003059403,0042469520,EDWARDS,RICHARD,E,,Home health agency,197315,,False
1003059403,0042469520,EDWARDS,RICHARD,E,,Hospice,191682,,False
1003059403,0042469520,EDWARDS,RICHARD,E,,Hospital,190053,,False
1003059403,0042469520,EDWARDS,RICHARD,E,,Hospital,190060,,False
1003059403,0042469520,EDWARDS,RICHARD,E,,Hospital,190044,,False
1003059403,0042469520,EDWARDS,RICHARD,E,,Nursing home,195550,,False
1003059403,0042469520,EDWARDS,RICHARD,E,,Nursing home,195314,,False
1003059403,0042469520,EDWARDS,RICHARD,E,,Nursing home,195522,,False
1003059437,2466670708,REDDY,SRUTHI,,,Home health agency,097000,,False
1003059437,2466670708,REDDY,SRUTHI,,,Hospital,090004,,False
1003059445,0840440806,PERKINS,JONATHAN,J,,Hospice,111680,,False
1003059445,0840440806,PERKINS,JONATHAN,J,,Hospital,110001,,False
1003059510,8820243769,MCIVER,TREVOR,C,,Hospital,240036,,False
1003059510,8820243769,MCIVER,TREVOR,C,,Hospital,240075,,False
1003059569,5890936017,BUZHARDT,SARAH,A,,Hospital,190128,,False
1003059676,2466503545,DARUWALA,CHERAG,,,Hospital,310005,,False
1003059783,1658535216,SZOT,JEFFREY,F,,Hospital,450647,,False
1003059783,1658535216,SZOT,JEFFREY,F,,Hospital,190111,,False
1003059874,7214085729,AMOS,AARON,,,Hospital,250093,,False
1003059874,7214085729,AMOS,AARON,,,Hospital,050091,,False
1003059890,3678703493,HOYT,WALTER,,,Hospital,190036,,False
1003060211,6901084656,PURI,VICHIN,C,,Hospital,450051,,False
1003060294,3870619190,OKEEFFE,SHANE,DAMIEN,,Hospital,180013,,False
1003060294,3870619190,OKEEFFE,SHANE,DAMIEN,,Hospital,181314,,False
1003060922,1759538036,CHRISTIE,KARI,B,,Hospital,180088,,False
1003061060,5395909709,KOTWAL,SUSRUTHA,,,Hospital,210029,,False
1003061367,3870750029,BAADH,AMANJIT,,,Hospital,240210,,False
1003061367,3870750029,BAADH,AMANJIT,,,Hospital,240106,,False
1003061367,3870750029,BAADH,AMANJIT,,,Hospital,240078,,False
1003061367,3870750029,BAADH,AMANJIT,,,Hospital,240038,,False
1003061367,3870750029,BAADH,AMANJIT,,,Hospital,240213,,False
1003061508,7618032673,MURKINS,ANGIE,DEE,,Hospital,050441,,False
1003061789,4981767738,WILLIAMS,BRADLEY,G,,Hospital,010040,,False
1003062035,1557534138,FERRER,JEANETTE,G,,Hospital,450358,,False
1003062050,5799835047,YURCISIN,BASIL,MICHAEL,,Hospital,340114,,False
1003062076,4183898281,SPOJA,CHRISTOFFER,A,,Hospital,270057,,False
1003062175,6103972005,AL-QAMARI,ABBAS,,,Hospital,140281,,False
1003062258,1052578374,MENES,KEITH,C,,Hospital,180010,,False
1003062258,1052578374,MENES,KEITH,C,,Hospital,180103,,False
1003062258,1052578374,MENES,KEITH,C,,Hospital,180012,,False
1003062258,1052578374,MENES,KEITH,C,,Hospital,180064,,False
1003062258,1052578374,MENES,KEITH,C,,Hospital,180011,,False
1003062290,7719011402,JOHNSTON,MATTHEW,A,,Hospital,500152,,False
1003062589,7113195850,SCHONEBURG,BERNADETTE,M,,Hospital,140010,,False
1003062589,7113195850,SCHONEBURG,BERNADETTE,M,,Hospital,140114,,False
1003062647,1456412451,BEAUZILE,RONALD,,,Home health agency,227475,,False
1003062647,1456412451,BEAUZILE,RONALD,,,Home health agency,227288,,False
1003062647,1456412451,BEAUZILE,RONALD,,,Home health agency,227011,,False
1003062647,1456412451,BEAUZILE,RONALD,,,Home health agency,227707,,False
1003062647,1456412451,BEAUZILE,RONALD,,,Hospital,220030,,False
1003062647,1456412451,BEAUZILE,RONALD,,,Hospital,220077,,False
1003062647,1456412451,BEAUZILE,RONALD,,,Hospital,220065,,False
1003063140,8426211418,JONES,EMILY,M,,Hospital,060024,,False
1003063165,6406011816,SCHWARTZ,DANIEL,G,,Hospital,500027,,False
1003063165,6406011816,SCHWARTZ,DANIEL,G,,Hospital,500025,,False
1003063173,9234370313,BAIK,PETER,U,,Hospital,030138,,False
1003063173,9234370313,BAIK,PETER,U,,Hospital,140100,,False
1003063181,7810144045,NAGAMINE,ANITA,O,,Hospital,140119,,False
1003063181,7810144045,NAGAMINE,ANITA,O,,Hospital,140063,,False
1003063314,0749475887,HOLLIDAY,LYNN,A,,Hospital,440039,,False
1003063348,8123178084,PEOPLES,CHRISTINE,,,Hospital,390091,,False
1003063348,8123178084,PEOPLES,CHRISTINE,,,Hospital,391313,,False
1003063397,7012101454,LEE,JOHN,C,,Hospital,140130,,False
1003063397,7012101454,LEE,JOHN,C,,Hospital,140116,,False
1003063397,7012101454,LEE,JOHN,C,,Hospital,140211,,False
1003063397,7012101454,LEE,JOHN,C,,Hospital,140281,,False
1003063488,0547445512,MIKHAILOVSKY,ANNA,,,Home health agency,057040,,False
1003063488,0547445512,MIKHAILOVSKY,ANNA,,,Hospital,050394,,False
1003063488,0547445512,MIKHAILOVSKY,ANNA,,,Hospital,050082,,False
1003063728,9830254663,BENDER,THOMAS,,,Hospital,360036,,False
1003063959,2466628128,HAQUE,MONEERA,NUR,,Hospital,180067,,False
1003063959,2466628128,HAQUE,MONEERA,NUR,,Hospital,180132,,False
1003063959,2466628128,HAQUE,MONEERA,NUR,,Hospital,180079,,False
1003064031,2365701299,RIZVI,BUSHRA,,,Hospital,390063,,False
1003064270,2860649878,PUIG-RODRIGUEZ,ALVARO,A,,Hospital,490107,,False
1003064270,2860649878,PUIG-RODRIGUEZ,ALVARO,A,,Hospital,490145,,False
1003064288,3870762768,BRITO CAMPANA,JUAN,P,,Hospital,240010,,False
1003064395,5597983403,YADWADKAR,KAUSTUBH,SUBHASH,,Hospital,090004,,False
1003064395,5597983403,YADWADKAR,KAUSTUBH,SUBHASH,,Hospital,210018,,False
1003064395,5597983403,YADWADKAR,KAUSTUBH,SUBHASH,,Hospital,210062,,False
1003064395,5597983403,YADWADKAR,KAUSTUBH,SUBHASH,,Hospital,090011,,False
1003064700,8628218054,LI,YANIXIA,,,Hospital,140208,,False
1003064700,8628218054,LI,YANIXIA,,,Hospital,140048,,False
1003064700,8628218054,LI,YANIXIA,,,Hospital,140030,,False
1003064700,8628218054,LI,YANIXIA,,,Hospital,140288,,False
1003064700,8628218054,LI,YANIXIA,,,Hospital,140182,,False
1003064726,6507980265,GOLDEN,JAN,M,,Home health agency,397626,,False
1003064726,6507980265,GOLDEN,JAN,M,,Hospital,390001,,False
1003064726,6507980265,GOLDEN,JAN,M,,Hospital,390237,,False
1003064791,9335399278,UHLIR,GARY,R,,Hospital,050766,,False
1003064825,0244465565,PHILLIPS,CHERIE,RENEE,,Hospital,360041,,False
1003064825,0244465565,PHILLIPS,CHERIE,RENEE,,Hospital,360123,,False
1003064825,0244465565,PHILLIPS,CHERIE,RENEE,,Hospital,360137,,False
1003064825,0244465565,PHILLIPS,CHERIE,RENEE,,Hospital,360359,,False
1003064825,0244465565,PHILLIPS,CHERIE,RENEE,,Hospital,360075,,False
1003064833,3476687849,KAPUR,SACHIN,SINGH,,Home health agency,147470,,False
1003064833,3476687849,KAPUR,SACHIN,SINGH,,Hospital,140062,,False
1003064833,3476687849,KAPUR,SACHIN,SINGH,,Hospital,140242,,False
1003064999,3375783038,LARSON,DOUGLAS,,,Hospital,380027,,False
1003064999,3375783038,LARSON,DOUGLAS,,,Hospital,290054,,False
1003064999,3375783038,LARSON,DOUGLAS,,,Hospital,290041,,False
1003064999,3375783038,LARSON,DOUGLAS,,,Hospital,290057,,False
1003064999,3375783038,LARSON,DOUGLAS,,,Hospital,290046,,False
